,nrooms,nbedrooms,nbath,sm,garden_sm,floors,gargae_sm,price,year,windows,dist_city,doors
0,18,8,5,458,85,2,25,870,1896,30,35,55
1,11,3,2,272,24,2,10,600,1969,73,30,78
2,8,5,5,350,89,1,21,606,1801,18,30,53
3,4,5,1,74,74,5,7,435,1919,25,29,24
4,3,6,4,94,6,2,30,903,1879,71,6,13
5,2,6,5,362,82,2,53,138,1879,67,5,27
6,6,2,1,446,38,5,34,440,1835,86,13,75
7,12,8,3,78,10,1,70,80,1890,63,1,74
8,12,3,2,100,13,4,60,627,1888,46,35,33
9,7,4,5,469,39,4,36,987,1833,51,48,57
10,18,2,3,289,89,3,52,932,1918,20,37,55
11,6,4,4,179,42,4,34,461,1912,75,47,60
12,11,7,5,108,46,5,11,76,2008,31,28,46
13,14,6,2,147,13,1,43,573,1929,94,33,11
14,14,1,3,397,60,5,70,365,1928,70,42,44
15,4,10,3,94,91,3,9,85,1823,55,46,7
16,7,1,4,409,86,1,43,240,1931,72,45,22
17,6,10,5,176,86,4,26,94,1980,18,20,27
18,18,1,2,401,70,5,55,338,1857,68,10,52
19,19,8,3,169,35,3,97,78,1835,97,48,28
20,8,2,2,456,71,1,0,266,1850,24,17,56
21,10,2,3,445,64,1,34,710,1995,32,39,30
22,3,3,2,300,60,4,52,681,1803,58,0,15
23,4,4,1,151,97,2,69,580,1957,88,12,78
24,14,10,4,120,16,2,27,192,1900,31,41,6
25,5,3,4,500,61,1,2,754,1852,90,28,22
26,1,1,3,278,8,4,29,772,1937,83,6,39
27,19,9,1,381,89,1,62,316,1817,97,23,75
28,20,2,2,422,4,3,36,676,1861,74,37,21
29,15,6,2,165,5,4,8,586,2001,93,38,12
30,10,1,3,455,15,1,28,569,1825,31,18,15
31,1,4,3,91,93,2,0,98,1869,97,12,24
32,6,1,1,294,36,5,79,648,1962,33,18,79
33,18,4,1,314,2,4,51,539,1938,23,37,44
34,6,3,4,416,2,2,39,982,1975,63,15,9
35,15,3,2,317,15,2,30,746,1854,40,17,27
36,6,9,3,441,11,2,68,825,2018,32,47,25
37,3,8,5,334,9,1,31,595,1974,55,15,29
38,18,10,5,75,69,2,15,181,1838,48,38,42
39,6,2,3,433,40,3,10,669,2003,81,31,33
40,15,10,2,316,81,5,49,320,1994,71,27,60
41,1,6,4,407,35,2,13,161,1874,85,33,16
42,17,6,4,118,97,3,84,700,1938,95,21,9
43,4,3,2,85,40,4,79,448,1837,89,0,27
44,12,10,2,70,29,4,95,499,1882,94,39,44
45,16,1,4,450,69,5,37,655,1801,67,48,11
46,10,4,4,283,23,5,12,326,1913,64,15,17
47,19,2,1,234,20,2,3,410,1861,88,10,26
48,6,8,4,462,88,5,78,878,1804,34,46,17
49,4,1,1,497,33,5,21,116,1973,43,20,37
50,15,7,5,479,89,3,55,278,1846,11,4,52
51,2,9,5,329,15,1,22,913,1865,31,37,8
52,6,4,4,99,94,4,38,254,1999,79,11,40
53,8,10,1,455,48,2,63,814,1933,24,29,71
54,14,5,3,383,33,2,59,71,1865,41,46,40
55,2,6,2,327,95,1,74,146,1893,55,31,51
56,3,8,5,412,72,2,5,263,1875,18,44,10
57,11,2,5,227,30,5,41,98,1812,73,35,74
58,4,10,3,399,14,5,64,323,1838,82,47,28
59,14,2,3,263,40,2,83,936,1842,61,24,51
60,1,8,3,318,17,3,61,940,1876,83,30,11
61,1,9,5,250,91,4,99,406,1947,97,28,49
62,11,3,4,178,59,2,21,224,1903,80,4,4
63,17,9,4,93,11,4,41,325,1846,25,48,7
64,2,5,5,469,32,5,53,902,1859,75,27,40
65,4,10,1,338,52,2,64,769,1952,91,15,44
66,5,10,3,195,89,3,95,47,1831,30,32,44
67,9,4,5,289,18,2,79,117,1977,25,27,54
68,3,4,2,268,58,2,48,973,1887,76,12,80
69,5,9,5,192,96,5,68,474,1823,45,25,56
70,10,2,5,176,17,3,12,115,1833,70,32,67
71,4,1,3,183,89,4,94,434,1864,83,25,43
72,4,10,4,382,3,1,9,42,1999,87,30,31
73,10,3,1,63,49,5,20,177,1855,54,15,42
74,3,8,3,388,85,4,0,629,1940,15,20,19
75,19,9,1,396,33,3,4,595,1938,44,6,3
76,9,9,3,212,17,2,49,508,1855,50,48,40
77,13,7,1,354,66,1,64,987,1875,38,44,72
78,12,9,4,402,24,1,81,566,1861,48,27,67
79,17,2,4,408,64,4,10,973,1804,43,25,3
80,12,5,4,203,22,4,39,696,1835,67,30,12
81,6,5,4,343,36,1,32,452,2006,78,2,69
82,13,8,2,216,18,4,70,548,1945,69,14,55
83,6,2,1,236,12,1,12,155,2016,20,17,57
84,3,9,4,411,56,3,10,67,1863,64,47,60
85,2,10,2,271,3,3,50,54,1989,24,37,65
86,13,1,2,142,23,3,28,237,1906,90,22,48
87,1,6,5,464,41,3,91,549,1814,44,24,72
88,7,3,5,301,97,1,80,472,1827,66,25,56
89,2,7,4,111,49,2,97,890,1849,41,5,23
90,1,1,2,124,100,2,75,216,1843,59,43,73
91,12,3,5,186,15,4,30,174,1969,100,31,52
92,2,5,1,310,36,3,75,224,1820,43,49,21
93,14,8,3,295,76,3,73,196,1990,67,36,75
94,20,4,1,324,48,1,95,593,1839,48,2,31
95,9,3,5,303,83,3,70,449,1938,82,16,11
96,9,7,2,276,0,3,69,948,1813,100,1,76
97,14,1,1,164,63,1,14,143,1969,52,14,52
98,9,3,4,310,88,2,38,51,1856,39,17,52
99,10,4,2,69,59,5,54,566,1901,62,21,25
100,18,3,3,412,47,2,9,290,1810,37,1,39
101,5,2,2,408,30,5,17,246,1996,46,34,64
102,13,5,1,63,77,5,61,761,1847,39,3,42
103,12,5,4,476,53,3,3,101,1988,56,4,42
104,11,8,3,208,59,5,54,138,1934,24,33,19
105,8,1,4,183,39,4,51,149,1875,47,39,49
106,10,7,2,64,46,2,80,463,1961,77,42,50
107,20,6,1,263,48,1,14,487,2017,49,46,8
108,15,3,3,104,99,1,60,242,1891,67,32,44
109,19,8,4,156,18,4,76,337,1981,20,19,2
110,18,5,1,89,87,5,60,220,2020,37,48,65
111,20,8,1,265,71,2,57,962,1858,50,0,71
112,12,2,5,104,95,4,49,668,2010,84,12,74
113,13,6,5,264,99,4,95,839,1906,71,31,69
114,15,6,2,475,39,5,5,980,1958,19,49,52
115,12,6,5,93,87,1,39,859,2007,74,43,72
116,10,4,5,266,89,5,96,277,1992,95,26,24
117,1,1,4,200,16,3,79,118,1924,67,9,73
118,6,8,2,477,68,2,95,808,1912,29,13,71
119,20,6,1,150,58,2,16,50,1911,28,36,57
120,6,2,4,266,5,3,74,360,1823,94,22,35
121,7,9,4,365,83,1,55,777,1916,56,1,38
122,16,4,1,138,10,5,42,542,1993,30,6,27
123,4,3,3,131,36,3,69,732,1981,68,39,32
124,7,3,3,413,12,2,55,602,1832,81,30,1
125,2,8,3,163,11,4,14,206,1868,90,12,34
126,3,5,1,482,69,2,58,279,1936,41,3,66
127,4,3,3,95,83,3,18,498,1926,49,37,53
128,1,1,2,250,93,4,98,264,1977,73,3,14
129,10,9,2,390,3,4,31,415,1886,82,43,39
130,14,1,4,114,18,2,4,209,1944,68,27,14
131,5,7,4,419,36,3,12,896,1901,87,19,26
132,7,2,1,481,15,3,43,855,1934,52,30,53
133,19,4,1,168,96,3,62,42,1867,47,46,34
134,6,8,1,350,93,3,100,563,1933,19,2,70
135,11,8,1,101,46,5,81,104,1923,34,33,57
136,18,2,2,460,61,5,5,180,2007,18,6,26
137,8,2,5,335,20,2,5,546,1882,41,36,3
138,1,2,5,128,81,1,40,291,1905,78,41,11
139,20,10,4,119,54,4,35,499,1926,35,29,54
140,13,9,2,473,46,3,7,360,1804,90,42,44
141,6,10,1,482,100,5,70,181,1968,26,27,38
142,5,6,5,429,38,1,26,122,1840,17,27,68
143,8,8,5,239,39,2,70,190,1985,24,50,23
144,13,6,3,374,33,1,34,952,1940,13,4,9
145,1,8,2,248,67,4,30,714,1858,60,45,56
146,5,6,3,348,72,1,37,375,1935,55,28,75
147,20,6,5,366,35,1,89,743,1975,76,50,71
148,13,6,3,53,78,1,83,176,1833,25,12,69
149,11,4,4,257,80,3,19,305,2007,18,21,16
150,14,6,3,491,16,5,1,611,1933,92,48,20
151,16,3,1,54,95,4,16,749,1969,88,41,53
152,20,6,2,476,54,4,97,27,1857,24,5,5
153,8,7,1,65,61,3,47,394,1941,24,16,56
154,15,7,5,151,51,1,17,82,1971,24,14,67
155,6,1,4,78,73,2,20,936,1998,100,25,32
156,3,8,3,144,19,3,54,634,1903,91,20,42
157,17,8,3,445,46,1,34,883,1946,15,38,17
158,10,3,5,184,7,5,4,618,1971,92,34,72
159,8,6,5,50,89,3,93,593,1841,37,11,4
160,12,4,4,193,11,4,71,864,1931,63,1,9
161,11,9,3,212,15,4,73,704,1923,36,50,11
162,1,6,4,181,47,2,25,878,1897,22,2,20
163,1,5,2,454,15,4,85,306,1999,43,35,51
164,9,5,2,93,64,2,39,459,1981,66,50,61
165,15,6,1,82,63,2,58,638,1867,36,20,72
166,13,4,3,462,76,5,30,847,1996,45,40,3
167,6,8,5,111,93,1,39,136,1834,43,17,79
168,13,5,3,425,20,1,48,102,1905,63,35,33
169,13,1,4,497,25,5,63,49,1954,39,44,64
170,13,1,2,500,91,5,79,665,1819,71,49,27
171,19,4,2,239,18,4,2,755,1909,22,6,59
172,6,4,2,275,64,4,53,481,1926,37,6,47
173,15,6,3,70,15,2,34,614,1971,10,10,16
174,6,2,2,428,63,5,57,514,1896,80,28,78
175,13,2,2,182,39,3,2,729,1946,87,23,18
176,6,6,1,279,6,4,81,682,1968,80,2,52
177,19,9,4,417,72,4,5,125,1920,59,8,19
178,4,9,3,194,83,5,11,500,1830,16,29,75
179,14,8,5,98,56,3,88,905,1980,97,10,11
180,5,8,2,227,94,1,5,771,1956,21,50,32
181,8,5,2,329,43,1,91,604,1877,28,10,23
182,11,3,3,492,72,5,86,118,1906,67,20,72
183,5,1,2,295,64,2,100,911,1803,37,0,26
184,17,4,2,302,88,3,57,452,1958,19,35,62
185,12,8,4,489,37,2,14,286,1926,17,32,71
186,9,5,3,382,57,3,77,232,1940,20,7,66
187,4,10,4,155,49,5,33,837,1864,79,18,71
188,18,2,5,60,35,5,63,782,1875,20,19,58
189,14,8,4,139,85,1,53,312,1938,77,17,67
190,13,8,1,86,57,4,38,778,1904,24,49,22
191,9,1,4,194,69,1,48,157,1972,55,25,68
192,1,5,5,112,2,4,29,880,1887,66,11,70
193,20,2,5,478,53,5,46,607,2016,12,33,57
194,18,3,3,333,14,1,19,361,1987,23,36,77
195,10,7,4,391,82,5,91,908,1876,53,5,72
196,3,3,5,96,20,2,39,392,1800,100,29,64
197,13,4,2,95,91,1,58,563,1820,29,20,62
198,10,4,5,259,8,2,73,290,1847,71,38,58
199,17,1,4,109,40,4,36,310,1999,46,31,70
200,20,2,2,277,40,3,42,926,1884,83,5,35
201,19,5,4,66,86,5,64,15,1966,13,26,73
202,15,8,1,73,22,1,38,679,1986,87,7,30
203,3,7,1,196,39,2,23,20,1812,51,48,20
204,18,9,3,71,9,1,86,466,1947,17,22,11
205,14,3,3,284,79,3,15,865,1929,36,49,75
206,15,5,2,174,91,2,96,882,1927,22,50,54
207,20,8,3,110,70,3,3,24,1990,56,38,33
208,16,4,4,151,7,3,46,784,1946,46,42,11
209,8,5,3,201,14,2,1,973,1916,94,50,32
210,19,8,3,159,96,4,90,670,1850,21,11,19
211,15,2,1,446,61,4,62,705,1929,22,45,6
212,15,5,1,262,96,5,52,423,1803,27,34,78
213,1,9,4,450,38,5,3,795,1980,64,50,27
214,19,4,1,253,48,3,27,229,1853,90,29,1
215,5,5,1,108,20,4,50,406,1860,70,1,7
216,14,4,1,468,4,1,93,933,1941,11,14,4
217,17,10,3,225,18,3,27,698,1975,97,43,11
218,1,4,2,182,35,4,61,369,1821,11,9,32
219,12,5,4,315,14,5,94,627,1901,44,2,13
220,16,6,3,233,41,3,56,56,1837,64,3,45
221,14,5,2,489,89,2,31,263,1900,71,36,78
222,11,7,5,125,18,4,63,627,1853,83,20,15
223,15,10,3,210,2,2,27,279,1801,71,32,3
224,1,9,4,117,57,2,4,58,1907,54,27,31
225,10,4,2,266,51,1,89,976,1838,89,49,49
226,10,8,1,68,62,4,98,680,1873,93,14,26
227,19,1,2,74,31,4,47,380,1832,59,22,3
228,19,10,2,323,23,2,7,744,1991,32,20,75
229,7,5,3,100,88,5,11,694,2004,99,48,19
230,11,4,5,142,27,4,61,972,1809,37,7,65
231,2,10,2,429,1,5,100,68,2002,99,28,13
232,4,1,2,222,93,5,13,443,2007,77,21,2
233,10,8,1,483,65,2,85,355,1912,19,38,61
234,5,6,1,100,28,5,31,958,1930,44,39,49
235,6,10,1,429,4,3,56,301,1904,66,11,42
236,13,5,1,277,72,2,56,70,1894,59,26,1
237,16,2,1,406,96,2,69,564,1931,12,8,59
238,13,6,5,260,94,1,77,659,1933,77,48,79
239,5,8,3,262,54,4,55,47,1874,59,13,69
240,13,9,4,235,61,5,51,796,1856,42,22,57
241,10,2,2,414,81,4,75,233,1882,11,7,70
242,7,6,3,254,0,2,83,586,2017,21,46,30
243,17,2,2,358,100,3,18,861,1950,17,28,52
244,13,4,1,276,55,2,26,54,1824,61,32,3
245,15,4,4,59,85,3,9,837,1809,69,0,72
246,2,7,4,300,18,5,96,937,1924,100,43,31
247,8,5,2,79,32,2,48,381,1805,34,40,2
248,14,7,4,252,27,2,100,193,1942,55,35,44
249,8,10,4,463,43,4,39,962,1836,58,22,64
250,14,2,2,289,61,3,65,441,1842,56,5,69
251,20,8,5,268,12,3,19,861,1970,14,46,68
252,8,9,1,478,80,2,34,514,1827,81,17,54
253,20,4,2,388,84,2,39,769,2012,27,37,41
254,1,5,4,251,35,3,86,98,1967,93,0,57
255,8,3,3,416,38,3,88,567,1969,80,7,33
256,7,10,1,256,41,3,19,766,1810,76,37,61
257,7,5,1,66,92,4,30,285,1887,29,25,16
258,6,1,3,160,9,5,63,486,1940,60,17,65
259,17,5,5,199,25,4,14,343,1851,46,38,28
260,16,6,1,359,48,4,65,420,2015,34,42,79
261,8,9,1,65,78,1,20,415,1884,52,19,73
262,10,10,2,491,99,4,77,384,1855,97,0,19
263,7,10,2,205,34,4,72,486,1833,64,46,3
264,10,6,2,492,68,3,97,577,1831,24,34,36
265,1,5,3,302,51,3,92,680,1962,15,9,79
266,1,9,4,342,31,4,69,300,1815,32,3,29
267,17,6,2,139,30,4,95,897,1869,44,13,24
268,11,10,3,84,12,3,13,263,1862,11,5,8
269,20,2,2,437,31,3,95,430,1835,42,25,41
270,2,1,2,105,30,1,94,507,1993,33,40,62
271,18,2,1,50,33,4,44,90,1922,30,23,76
272,16,7,3,270,91,3,78,334,1832,84,50,77
273,9,8,4,325,61,1,70,710,1835,98,11,67
274,12,5,5,400,44,5,47,158,1927,35,15,59
275,10,6,5,329,28,4,46,148,1973,36,24,2
276,10,2,4,345,34,5,48,434,1995,87,19,55
277,5,4,2,356,32,5,29,46,1816,37,24,53
278,3,9,3,404,76,5,25,841,1924,42,19,70
279,16,4,3,318,27,3,73,991,1915,56,34,70
280,3,10,2,224,50,5,91,482,1965,64,7,18
281,4,2,5,154,89,4,93,770,1997,36,22,72
282,3,4,3,110,1,1,94,113,1952,33,0,31
283,1,5,4,246,79,3,58,420,1968,60,49,15
284,3,7,3,463,4,1,93,635,1873,62,13,77
285,1,10,5,118,62,2,17,298,1925,34,32,47
286,7,3,1,127,37,5,88,795,1821,99,42,55
287,4,2,1,199,2,5,6,548,1923,88,12,20
288,18,7,5,185,74,5,75,426,1839,75,5,20
289,10,8,3,165,62,1,57,704,1868,83,28,71
290,2,10,4,149,16,1,26,569,2006,16,46,32
291,2,5,5,57,18,2,74,510,1825,26,38,31
292,18,3,4,403,59,5,51,43,1831,56,13,21
293,6,2,2,431,65,5,56,497,1992,11,45,39
294,11,3,4,412,9,1,39,462,1984,64,3,72
295,20,3,1,255,35,1,35,671,1878,89,32,47
296,9,7,4,444,48,2,52,699,2000,76,33,20
297,18,7,1,200,6,3,36,114,1828,33,30,31
298,13,8,4,481,6,3,31,94,1841,87,17,22
299,3,9,4,318,66,4,8,24,2000,39,46,48
300,7,3,4,498,85,3,26,143,1834,68,26,34
301,19,1,5,341,69,5,17,448,1999,29,38,79
302,1,5,3,470,4,3,24,625,1954,15,5,17
303,19,1,5,449,37,1,11,85,2018,31,23,12
304,15,10,2,86,41,4,73,886,1885,45,48,24
305,15,10,3,485,14,1,1,770,2020,46,5,37
306,18,6,1,392,32,4,73,353,1814,27,21,67
307,14,8,3,107,83,5,67,649,2006,91,13,31
308,8,3,2,416,82,2,54,931,1882,78,0,6
309,11,9,4,353,41,3,42,12,1889,18,4,64
310,16,9,3,458,32,5,71,1000,2000,92,50,51
311,4,6,1,492,48,4,28,220,1809,80,36,56
312,20,9,1,393,47,5,11,38,1841,74,31,49
313,13,10,4,315,65,5,75,541,1814,85,29,1
314,5,1,5,433,78,3,20,864,1942,29,10,66
315,2,2,4,307,7,5,7,954,1908,45,15,45
316,20,4,5,408,55,4,60,912,1867,99,6,9
317,19,9,3,182,11,4,39,257,1887,38,38,34
318,14,6,3,399,53,1,73,245,1818,36,3,40
319,8,5,3,174,86,5,97,821,1959,89,16,44
320,8,2,2,122,58,5,82,214,2004,90,3,11
321,11,2,3,401,20,4,62,352,1843,82,29,3
322,15,1,3,482,39,3,63,781,1968,97,23,12
323,16,6,1,437,50,5,54,496,2020,50,33,59
324,20,9,4,84,42,1,67,297,1861,92,17,80
325,3,9,5,361,40,3,25,975,1840,23,40,43
326,3,2,4,452,61,3,92,411,1814,77,21,21
327,20,1,5,151,100,3,62,255,1826,36,11,57
328,18,2,2,413,35,4,89,384,2008,72,40,80
329,3,7,4,207,11,2,10,124,1894,51,21,79
330,13,1,3,479,20,3,3,370,1993,22,45,42
331,17,8,3,102,21,3,69,148,1843,66,25,46
332,6,9,2,146,47,3,70,329,1871,19,35,75
333,19,6,3,328,35,3,37,583,1841,73,48,38
334,5,8,2,379,69,1,89,907,1916,89,3,44
335,10,3,5,243,37,5,42,930,1835,65,24,28
336,2,2,4,239,48,5,48,473,1848,11,18,5
337,18,9,2,481,17,2,17,884,1923,92,26,10
338,15,9,4,453,4,5,60,917,1964,83,6,6
339,7,1,3,485,74,5,48,706,1829,43,3,62
340,18,9,5,106,78,4,41,394,1887,38,50,61
341,11,2,5,374,27,2,56,542,1882,35,22,2
342,17,8,1,423,64,5,55,676,1947,26,23,43
343,12,8,4,279,86,2,60,669,1974,22,28,36
344,8,1,4,492,70,3,84,17,1898,96,44,72
345,14,5,1,425,70,1,95,544,1984,71,24,5
346,20,8,2,240,74,4,38,983,1994,90,14,42
347,10,2,3,56,58,3,95,678,2005,10,37,47
348,1,8,4,459,55,5,24,381,1965,16,33,45
349,12,5,2,233,22,3,83,828,1971,68,5,47
350,6,2,2,103,96,2,40,664,1879,95,37,72
351,17,9,1,480,76,4,89,853,2013,44,18,33
352,8,8,3,104,26,4,45,822,1840,44,42,1
353,12,8,2,294,83,3,56,513,1917,89,22,73
354,10,3,4,389,54,1,70,932,1967,64,24,64
355,8,9,4,318,88,5,66,745,1965,28,46,58
356,15,1,5,239,24,1,12,15,1819,51,40,56
357,5,5,5,469,51,4,59,168,1960,74,2,7
358,9,2,3,276,93,5,36,279,1868,10,45,21
359,6,2,2,55,52,2,15,304,1847,76,4,69
360,6,2,4,270,97,2,13,156,1807,42,23,14
361,8,4,1,330,50,1,70,458,1844,87,10,57
362,12,9,4,437,31,1,97,174,1816,72,13,15
363,15,10,3,167,81,3,15,442,1931,18,40,80
364,5,5,5,253,51,3,53,209,1827,48,2,11
365,11,3,3,124,2,2,58,52,1887,57,7,70
366,9,5,4,283,83,2,61,316,1873,28,12,62
367,17,2,3,167,9,1,50,93,1883,25,5,25
368,10,8,4,211,58,4,0,331,1832,30,43,10
369,11,8,5,318,7,3,46,758,1944,97,17,40
370,12,8,5,87,89,5,56,939,1849,43,13,16
371,11,2,5,387,14,3,85,736,2011,69,28,69
372,5,2,5,328,7,4,69,501,1821,59,21,46
373,12,9,5,134,58,3,17,643,1806,59,30,8
374,12,4,3,270,11,1,40,695,1953,46,42,40
375,14,3,3,149,19,4,14,900,1953,52,19,9
376,7,2,2,253,11,2,22,772,1985,90,20,76
377,4,5,2,379,45,1,74,899,1912,81,8,9
378,19,2,1,341,88,2,39,733,1937,68,26,41
379,2,2,1,278,90,4,30,70,1951,42,8,35
380,10,5,3,83,77,3,21,471,1886,76,21,4
381,19,3,5,68,63,5,10,235,1983,71,5,64
382,8,9,3,460,98,2,76,975,2015,35,6,12
383,1,8,1,269,0,5,50,940,1929,18,12,5
384,4,5,4,114,34,1,48,187,1992,52,9,48
385,6,4,5,239,88,1,21,884,1884,19,43,76
386,13,8,3,285,67,4,79,703,2016,44,49,26
387,10,5,2,108,28,3,53,470,1965,81,12,52
388,19,4,4,64,36,3,10,973,1993,60,18,54
389,15,7,1,51,19,3,63,671,1915,84,13,71
390,15,4,1,481,60,3,42,454,1810,61,38,62
391,13,1,3,406,40,2,4,899,1879,75,3,68
392,4,1,1,309,90,4,90,909,1891,74,34,17
393,10,7,3,212,15,5,28,649,1936,93,26,66
394,18,3,2,129,68,2,6,811,1916,94,3,33
395,7,7,2,460,23,3,64,889,1896,66,20,20
396,14,9,3,205,56,2,83,144,1923,98,0,3
397,18,8,5,172,32,5,63,404,2005,89,18,24
398,16,8,2,208,18,4,0,954,1860,53,44,44
399,12,4,1,265,92,3,27,212,1859,17,38,56
400,14,5,3,152,51,5,71,804,1958,72,46,52
401,14,5,1,247,39,5,49,858,1882,50,36,8
402,15,5,2,285,13,3,61,354,1844,28,17,12
403,7,10,5,210,56,2,87,600,1953,20,43,64
404,10,5,2,252,80,3,11,700,1885,46,16,34
405,11,8,5,426,63,1,44,412,1870,12,22,68
406,8,7,3,423,3,4,76,511,1814,38,28,71
407,1,5,5,259,51,1,19,257,1861,34,44,66
408,8,7,5,396,89,5,27,299,1848,86,37,17
409,9,10,3,55,56,5,83,737,1901,88,10,74
410,18,3,4,156,7,2,42,782,1816,97,13,6
411,14,3,4,95,18,4,9,716,1916,71,25,12
412,17,5,3,103,77,2,0,676,1941,72,4,28
413,20,1,3,174,25,2,7,488,1992,86,8,11
414,19,5,5,345,67,3,5,711,1837,66,29,26
415,20,8,3,89,86,3,62,978,1952,45,35,18
416,8,4,1,415,13,2,38,400,1824,17,14,27
417,8,8,4,323,45,2,97,724,2011,26,2,16
418,16,2,2,106,60,4,11,945,1858,29,5,73
419,3,8,4,418,78,5,87,304,1826,59,11,66
420,8,7,5,108,13,3,54,171,1835,94,25,71
421,4,3,1,241,28,5,53,670,1866,16,27,69
422,8,3,5,299,33,1,37,476,1919,10,27,30
423,14,4,2,225,80,5,84,741,1877,85,0,38
424,15,6,3,496,65,4,100,966,1845,36,25,12
425,8,6,2,271,32,2,5,704,1821,71,17,3
426,20,1,1,478,89,4,6,40,1877,28,10,71
427,1,9,5,56,36,3,53,957,1818,26,19,57
428,10,2,4,251,95,2,76,171,1971,82,2,42
429,10,6,5,204,29,2,92,18,1872,47,35,54
430,20,2,1,469,41,4,84,54,1910,60,46,70
431,3,5,4,243,83,5,2,509,1961,49,5,67
432,13,7,5,157,19,5,52,110,1837,13,46,5
433,19,1,5,233,32,1,86,134,1976,62,3,1
434,6,4,5,296,3,3,8,879,1831,58,14,21
435,12,8,3,121,32,3,70,916,1856,21,25,4
436,4,5,1,345,71,5,69,75,1889,61,43,54
437,20,8,3,70,16,3,45,222,1833,32,8,39
438,13,10,5,398,80,2,5,514,1843,63,35,26
439,14,5,3,219,79,2,93,570,2001,46,32,26
440,18,3,2,177,24,5,44,885,1997,27,19,57
441,8,3,1,473,67,4,77,255,1803,73,5,62
442,14,7,5,77,90,1,56,802,2012,67,11,56
443,20,8,5,122,61,5,9,834,1953,47,20,17
444,17,7,3,318,5,3,29,980,1884,61,17,53
445,12,9,3,82,38,5,31,383,1963,39,31,59
446,12,10,2,80,55,1,71,167,1972,44,30,34
447,8,1,3,352,33,1,71,567,1898,20,46,6
448,3,5,5,255,80,1,75,927,2021,24,20,47
449,1,8,4,185,49,4,84,924,1871,28,34,11
450,10,5,3,67,3,1,13,639,2011,12,42,21
451,12,2,5,444,18,3,41,291,1995,56,18,47
452,1,10,4,233,38,1,98,835,1940,70,33,71
453,13,5,5,344,27,4,62,130,1868,51,20,9
454,13,6,4,325,6,3,87,678,1800,14,1,20
455,6,5,5,306,85,1,61,966,1828,100,14,47
456,15,5,5,276,66,4,100,714,1909,38,6,76
457,3,7,4,450,39,3,66,202,1995,63,11,74
458,15,5,5,340,66,5,18,475,1837,46,39,49
459,15,4,4,52,69,2,83,20,1988,89,27,80
460,6,9,1,405,62,5,30,665,1874,37,17,56
461,11,9,1,265,29,5,97,692,1839,68,38,19
462,18,10,5,227,19,5,31,588,1869,11,19,4
463,1,9,5,276,80,5,27,142,1913,16,45,58
464,1,2,4,109,88,3,68,131,2001,96,7,33
465,10,6,2,88,89,3,4,30,1827,63,11,19
466,10,2,5,243,56,4,81,604,1863,100,39,57
467,10,9,5,388,99,3,45,712,1850,25,7,27
468,3,7,5,300,13,4,77,795,1827,91,35,45
469,12,3,1,432,77,3,61,804,1836,24,50,42
470,5,8,4,345,46,2,97,738,1953,37,34,44
471,2,9,1,439,33,2,75,624,1871,24,50,56
472,5,1,4,337,61,3,61,663,1901,45,36,45
473,11,7,3,243,48,5,2,361,2007,38,4,66
474,19,3,5,440,67,5,38,946,1868,86,43,14
475,3,8,3,378,45,3,90,925,1899,28,9,70
476,5,5,5,271,44,1,78,616,1982,44,45,52
477,9,10,4,414,76,5,34,79,1816,46,3,40
478,1,7,3,225,46,5,21,650,1900,44,34,5
479,3,8,5,468,82,5,54,34,1826,89,8,31
480,12,1,2,147,85,4,25,946,1960,98,29,65
481,9,5,3,410,31,5,97,858,1910,12,14,26
482,6,7,2,451,26,2,96,463,1987,16,4,7
483,8,5,2,484,100,4,34,526,1892,69,12,13
484,9,9,5,257,68,4,25,202,1988,13,25,31
485,19,10,5,72,66,4,15,392,1914,26,28,61
486,17,7,1,128,2,1,29,819,1923,19,6,23
487,9,7,1,176,0,5,76,707,1952,87,28,35
488,11,4,4,454,12,2,10,801,1870,23,12,55
489,19,9,4,299,60,5,26,872,1952,66,32,65
490,12,3,5,269,79,2,75,372,1881,56,11,53
491,2,1,3,461,96,1,21,329,1956,72,8,32
492,7,4,1,117,68,2,79,931,1821,72,48,73
493,14,4,4,264,60,5,17,762,1980,60,33,13
494,6,5,1,453,31,1,3,124,1914,86,9,9
495,15,4,2,342,86,2,42,882,1869,36,24,24
496,2,2,3,488,12,2,91,236,1949,72,35,8
497,16,5,2,242,41,4,42,932,2010,71,42,33
498,9,8,4,85,20,3,61,249,1866,93,0,51
499,16,3,4,227,97,5,96,576,2003,73,29,63
500,7,4,4,123,0,3,81,297,1819,60,48,12
501,7,6,5,236,69,5,4,383,1834,59,32,3
502,18,6,1,198,84,3,11,918,2009,84,33,13
503,9,3,4,449,39,4,99,190,1966,82,10,25
504,8,4,4,171,63,2,1,42,1964,48,29,79
505,3,1,3,157,92,3,38,678,1995,98,12,63
506,11,3,5,168,54,3,21,62,1813,47,33,49
507,16,4,1,99,26,2,18,210,1948,71,2,80
508,15,8,3,214,95,2,33,453,2014,77,28,37
509,6,10,4,157,15,2,75,71,1885,87,50,18
510,17,9,3,319,60,2,53,139,1976,31,17,47
511,11,8,5,277,38,3,23,111,1967,89,3,28
512,5,1,5,206,11,1,22,235,1832,81,31,45
513,10,3,4,79,63,5,97,929,1939,81,36,77
514,1,7,1,289,53,1,50,733,1902,39,38,73
515,4,3,5,242,28,2,5,411,1811,25,21,51
516,9,10,3,467,46,4,9,217,1836,65,28,61
517,18,10,1,384,79,5,63,924,1873,22,19,52
518,3,7,2,240,84,2,20,332,1802,40,31,31
519,3,10,1,267,55,2,42,626,1809,95,23,80
520,16,2,5,330,4,1,21,186,1878,31,30,36
521,6,1,1,267,80,2,59,847,1947,20,36,45
522,3,10,4,64,35,3,10,441,1840,67,13,36
523,12,5,5,491,64,3,66,177,2011,26,37,4
524,3,1,3,153,46,2,72,949,1858,25,28,56
525,1,5,2,267,86,5,47,439,1804,16,14,6
526,18,4,3,136,20,2,63,681,1931,48,20,66
527,9,4,4,135,40,3,57,774,1886,54,14,22
528,1,5,5,126,31,2,68,371,1858,19,1,52
529,19,8,3,64,78,1,96,894,1918,17,10,49
530,1,9,3,158,87,5,22,678,1997,58,0,5
531,5,3,3,262,64,5,96,835,1851,45,15,13
532,10,3,5,148,57,2,67,619,1815,84,3,65
533,2,6,4,276,35,4,4,939,1879,27,23,15
534,7,7,3,344,77,3,48,639,1927,40,50,45
535,11,9,4,445,45,1,86,667,1930,45,0,39
536,6,2,2,237,11,2,43,637,2001,18,48,47
537,4,3,1,198,17,1,45,760,1983,44,39,7
538,15,6,5,240,51,3,7,524,1827,80,5,1
539,20,8,5,228,21,1,12,633,1850,57,42,77
540,8,1,3,472,92,3,10,325,2022,33,50,57
541,16,2,1,459,3,3,83,571,1989,96,3,26
542,10,9,3,116,77,5,15,231,1810,73,4,64
543,18,8,3,462,30,1,53,445,1987,24,17,52
544,20,7,2,258,83,3,76,115,2005,58,41,34
545,16,3,4,154,64,2,67,290,1919,19,40,17
546,2,4,1,395,21,1,36,447,1867,94,37,74
547,15,8,4,291,99,1,20,182,1952,38,17,41
548,7,7,2,176,3,5,64,963,1832,100,30,72
549,17,7,4,285,59,4,40,155,1941,16,1,48
550,5,10,1,263,21,1,93,724,1949,62,16,26
551,15,8,5,339,12,3,7,371,1983,72,10,22
552,15,3,5,80,0,4,85,309,1829,90,8,9
553,10,9,1,56,44,4,34,577,1910,87,22,77
554,17,6,3,206,31,5,10,192,1893,34,8,62
555,20,2,4,293,21,3,0,289,1889,15,11,1
556,18,9,3,95,16,1,12,522,1889,72,24,43
557,12,5,2,338,68,4,6,345,1946,41,36,50
558,3,10,3,481,86,1,34,118,1937,62,22,10
559,18,9,4,306,76,3,86,970,1932,82,20,26
560,20,9,4,400,66,4,1,247,1837,21,3,20
561,19,8,1,275,90,5,51,610,1963,24,1,78
562,7,10,1,129,56,5,65,457,1925,90,49,18
563,17,2,2,72,38,3,28,36,1864,31,8,80
564,6,2,2,58,17,4,10,133,1887,21,24,37
565,8,8,2,92,48,1,46,421,1918,62,32,20
566,11,2,2,141,27,2,76,520,1807,53,16,47
567,9,7,4,238,85,2,38,225,2006,78,19,73
568,8,8,2,412,48,2,38,259,1888,62,2,21
569,11,9,2,291,73,4,51,770,1891,90,11,17
570,20,4,2,476,48,5,96,745,1809,51,5,20
571,19,10,1,345,17,1,60,853,1872,87,36,67
572,6,3,3,334,48,2,54,578,1942,16,50,59
573,6,10,3,421,35,4,63,363,1850,12,21,79
574,9,5,1,165,43,5,63,993,1807,14,39,56
575,19,8,5,139,56,2,30,714,1968,98,6,5
576,3,9,2,97,1,1,2,922,1944,44,39,55
577,3,6,1,107,39,2,96,118,2008,27,6,6
578,14,4,1,430,52,2,20,79,1806,22,18,18
579,10,4,4,183,1,1,3,270,1855,20,45,72
580,15,3,4,222,53,2,10,553,1930,75,24,69
581,1,4,1,88,51,4,1,16,1888,23,16,29
582,20,6,3,264,8,3,66,728,1859,91,24,73
583,20,1,3,342,19,4,16,250,1973,23,36,76
584,6,1,1,323,49,1,4,487,1959,52,2,8
585,15,1,4,466,65,2,67,773,1935,65,7,58
586,17,1,5,499,2,2,35,549,1998,80,22,43
587,17,8,2,268,32,4,10,84,1898,61,39,19
588,20,6,3,93,8,1,22,800,1868,68,13,6
589,19,1,4,60,24,4,12,32,1804,97,18,63
590,12,8,1,315,35,3,57,250,1829,19,41,75
591,1,10,2,427,42,4,71,512,1845,67,38,65
592,18,7,2,327,66,4,96,78,1894,16,11,61
593,13,6,4,456,21,4,85,939,1898,79,11,2
594,12,9,1,295,1,2,37,634,2004,18,45,40
595,10,6,1,110,78,4,42,58,1995,72,36,70
596,10,7,3,233,80,1,34,953,1976,23,40,29
597,13,9,1,278,49,3,87,152,1841,57,49,8
598,14,4,5,394,28,4,53,172,1905,91,1,77
599,7,1,2,323,56,1,87,121,1950,58,43,4
600,10,9,3,364,58,1,22,445,1972,23,29,5
601,18,10,4,253,61,2,99,632,1843,12,24,36
602,10,2,3,290,38,5,31,520,1828,51,44,53
603,8,10,3,376,88,3,1,661,1849,97,33,5
604,11,1,3,232,12,2,60,921,1849,32,44,15
605,16,8,1,154,37,3,71,253,1962,57,48,75
606,15,4,3,108,74,3,53,779,1926,35,6,41
607,1,9,5,201,7,5,12,516,1854,52,11,54
608,11,9,1,183,57,1,30,542,1891,100,40,17
609,11,4,4,450,21,5,91,564,1989,81,14,39
610,12,4,3,346,100,2,83,751,1804,49,18,55
611,11,10,3,75,24,5,91,280,1987,53,33,31
612,1,6,4,307,55,2,21,308,1971,84,5,41
613,10,6,3,195,69,4,2,256,1855,31,14,69
614,10,4,1,197,91,2,33,771,1852,76,42,26
615,7,6,1,96,10,4,33,651,1805,41,10,35
616,14,6,5,322,79,1,81,207,1905,60,30,30
617,9,3,1,441,23,1,37,363,1952,50,25,34
618,4,8,1,363,91,4,41,821,1873,40,26,42
619,14,10,1,214,65,5,99,316,1990,85,46,25
620,1,5,2,147,90,2,100,679,1986,38,11,37
621,13,9,4,105,3,1,39,561,2021,12,16,53
622,9,1,4,411,71,2,98,97,1894,77,32,46
623,14,9,3,322,9,5,81,907,1961,93,40,48
624,2,10,2,252,8,2,6,613,1825,75,9,48
625,12,1,3,135,62,2,3,876,1938,17,49,49
626,13,9,2,62,36,3,21,45,1831,16,10,32
627,14,7,3,283,35,2,60,95,1956,37,3,52
628,11,1,1,212,8,1,94,300,1966,58,13,66
629,16,8,1,178,12,1,36,304,1994,34,22,9
630,6,4,4,333,33,5,25,708,1926,64,16,14
631,5,9,5,263,58,1,95,852,1839,59,25,2
632,13,1,3,487,21,1,70,961,1890,23,40,59
633,5,10,3,495,27,1,94,701,1851,91,33,2
634,20,4,4,226,31,5,1,659,1954,45,15,61
635,2,7,4,92,36,3,79,570,1945,41,45,16
636,8,6,2,249,37,3,62,416,1977,40,33,23
637,4,8,2,332,29,1,99,924,2003,54,4,58
638,6,1,5,325,47,2,88,223,1852,39,6,44
639,8,3,1,338,48,1,44,110,1909,49,23,68
640,19,9,3,262,35,2,21,281,1835,10,35,41
641,16,10,1,144,50,5,85,485,1916,58,9,58
642,4,4,5,61,5,5,42,87,1949,89,30,18
643,3,1,4,360,33,4,17,46,2014,25,4,1
644,15,4,5,90,4,2,100,345,1906,35,37,5
645,19,5,4,158,74,1,76,602,1860,80,43,19
646,17,7,5,431,31,3,31,485,1954,92,12,42
647,8,7,1,492,66,5,86,816,1898,96,10,69
648,2,1,5,73,79,3,97,960,1982,45,35,68
649,20,3,3,253,19,4,30,734,1900,66,19,9
650,7,6,4,217,59,3,14,620,2001,69,4,24
651,18,9,4,411,0,2,57,132,1801,29,45,19
652,9,10,5,152,3,4,17,372,1886,24,34,50
653,20,4,5,346,80,3,9,290,1997,36,12,44
654,14,3,5,72,80,3,17,178,1985,99,8,71
655,3,2,5,155,86,2,38,940,1881,10,2,67
656,10,4,2,289,68,4,7,371,1923,43,1,27
657,8,6,3,271,90,5,8,42,1901,93,4,48
658,12,9,2,96,28,2,57,160,2011,25,11,24
659,9,5,2,230,22,1,88,317,1852,81,1,26
660,4,1,3,464,11,2,19,396,1903,78,22,29
661,11,6,5,134,55,3,12,83,1916,60,1,67
662,11,6,3,145,63,4,40,486,2001,71,6,14
663,9,6,2,184,4,4,8,552,2000,41,30,5
664,19,1,5,119,17,5,74,921,1837,23,48,3
665,18,3,5,173,11,4,47,834,1888,87,4,45
666,19,1,5,179,73,1,77,258,1969,87,39,73
667,17,3,4,259,66,5,66,215,1880,24,14,1
668,16,7,1,147,2,1,64,158,1901,98,36,6
669,20,1,1,482,29,2,54,543,1884,48,10,48
670,17,3,3,479,28,3,0,151,2006,37,2,15
671,7,10,3,443,6,5,78,170,1986,73,0,2
672,17,10,5,66,7,3,41,255,1951,68,46,59
673,3,10,1,146,78,4,5,657,1910,48,26,72
674,11,9,4,134,81,1,78,818,1895,59,3,55
675,9,8,2,418,38,5,94,373,1877,92,42,53
676,16,9,3,294,94,3,78,41,2010,18,33,72
677,1,1,3,481,14,3,3,852,1911,20,43,52
678,13,10,4,156,35,3,100,440,1944,40,5,41
679,18,5,1,273,56,1,92,317,1867,72,6,31
680,19,7,1,307,73,3,48,84,1867,15,41,4
681,10,4,1,394,29,4,50,457,1880,15,8,64
682,5,1,3,349,28,3,19,298,1979,24,9,68
683,19,2,1,155,52,2,61,140,1834,24,7,37
684,4,5,5,381,47,4,24,675,2013,98,17,41
685,9,5,4,117,98,2,59,656,1824,74,19,56
686,14,6,3,157,47,4,21,552,1853,66,22,23
687,13,1,5,290,74,3,2,970,1928,91,49,77
688,5,7,4,124,22,4,32,326,1827,79,25,56
689,6,3,2,57,13,1,60,455,1954,82,13,9
690,15,1,4,483,3,3,75,944,1967,20,6,3
691,12,9,5,209,45,2,29,579,1908,64,25,45
692,10,4,4,107,82,2,61,866,1994,62,49,19
693,12,4,3,422,81,4,20,591,1882,47,45,73
694,7,7,2,410,18,1,89,91,1844,17,2,68
695,9,1,4,111,87,1,66,294,1890,54,6,13
696,16,5,4,174,53,4,27,782,1982,16,50,52
697,18,1,5,140,86,2,39,13,1864,69,29,30
698,16,9,5,291,77,4,47,265,1912,47,16,27
699,11,7,5,69,13,2,34,219,1914,89,44,30
700,18,3,2,362,53,2,5,114,1981,87,36,41
701,20,8,1,426,57,2,42,857,1891,80,28,77
702,13,4,3,440,74,1,97,358,1934,53,37,12
703,10,4,5,498,9,5,66,622,1872,51,25,51
704,7,9,2,109,83,4,12,746,1919,35,24,26
705,4,7,4,69,91,2,10,984,1878,63,31,34
706,13,4,5,321,82,5,25,35,1959,19,38,3
707,9,1,2,68,5,5,36,987,1923,64,0,25
708,14,10,1,304,46,4,47,948,1996,11,36,22
709,15,10,4,332,19,3,74,842,1883,51,13,24
710,14,6,4,484,61,4,91,353,2012,99,7,21
711,15,9,4,333,62,4,83,960,1854,95,30,15
712,8,6,3,74,71,5,10,431,1970,50,39,26
713,18,6,2,463,84,3,2,834,1914,17,50,24
714,2,4,5,480,84,1,69,717,1842,67,32,44
715,6,5,5,289,62,5,94,670,1986,94,5,57
716,13,1,4,253,36,1,87,428,1872,58,37,3
717,4,9,3,76,96,5,12,521,1993,97,5,2
718,15,8,1,305,6,5,86,213,1851,100,1,78
719,20,5,2,439,57,3,44,919,1943,68,7,23
720,4,5,2,417,76,4,40,959,1838,60,8,70
721,12,6,1,220,45,5,23,850,1862,13,15,12
722,8,5,3,319,14,4,12,100,1905,70,34,15
723,12,10,3,407,60,2,35,57,1881,43,47,76
724,5,6,5,138,96,5,22,607,1901,26,39,29
725,17,8,2,344,28,3,85,95,1918,48,29,73
726,12,8,4,56,43,4,65,527,1818,36,4,39
727,18,4,4,260,97,2,9,987,1921,14,15,7
728,20,2,4,373,45,3,57,776,1908,38,11,39
729,3,1,2,360,42,5,60,826,1930,42,25,68
730,8,4,3,397,45,5,3,372,1981,75,13,2
731,8,10,3,241,70,5,94,117,1907,20,20,55
732,1,9,1,372,54,1,91,339,1803,40,24,76
733,5,1,2,79,97,4,79,743,1949,39,4,75
734,3,1,1,268,66,4,39,757,1858,98,12,11
735,13,1,4,93,17,3,47,697,1978,15,12,33
736,20,9,1,419,7,2,93,327,1967,17,13,37
737,7,6,2,242,61,3,5,147,1906,43,42,71
738,3,1,2,402,45,3,88,882,1949,85,16,9
739,9,7,3,386,61,4,88,927,1928,21,4,51
740,8,4,2,226,77,4,24,18,1868,41,20,37
741,2,5,5,102,74,1,47,843,2005,68,48,49
742,16,6,1,372,80,5,51,452,1926,61,2,7
743,1,2,4,448,93,3,65,846,1934,64,9,5
744,14,7,4,89,36,3,30,411,1900,52,4,2
745,6,4,1,387,40,3,34,468,1958,19,15,66
746,18,10,5,447,66,3,36,117,1918,66,5,34
747,5,7,3,162,16,1,1,43,1959,60,5,67
748,13,5,4,167,60,3,7,476,1927,19,22,27
749,20,8,2,240,66,1,12,629,1893,62,45,17
750,10,6,4,122,71,2,56,623,1843,29,18,2
751,18,1,3,298,49,1,81,26,1886,70,5,61
752,10,2,3,278,2,1,53,425,1835,94,1,73
753,12,10,3,87,55,2,81,722,1916,52,30,80
754,13,2,5,277,43,3,11,241,1829,16,9,8
755,10,10,2,106,33,3,65,561,1953,42,25,40
756,18,4,3,267,42,2,4,222,1896,56,40,29
757,6,10,3,465,22,2,58,55,1822,21,14,45
758,19,7,5,226,21,4,33,654,1817,18,2,31
759,4,7,5,187,38,2,10,478,1964,61,40,22
760,2,1,1,136,86,4,98,187,1951,80,4,38
761,8,2,4,107,31,1,35,748,1913,95,30,22
762,9,8,3,494,31,2,43,265,1879,64,31,68
763,9,10,4,410,42,3,95,873,1937,75,36,77
764,18,8,2,498,100,3,6,647,2006,25,5,14
765,7,6,2,380,79,3,25,229,1824,15,11,4
766,6,10,3,315,60,1,99,830,1974,68,46,49
767,15,8,2,119,82,1,68,211,1941,85,46,55
768,4,6,3,452,81,2,21,937,1901,29,23,79
769,13,3,3,115,49,3,11,147,1800,63,5,62
770,19,10,1,421,52,3,23,82,1906,78,19,23
771,3,5,2,422,36,5,9,501,1934,81,3,33
772,3,2,3,111,17,5,56,220,1894,12,6,70
773,11,3,2,468,67,3,17,371,1874,92,25,9
774,18,10,4,432,63,2,39,310,1954,52,5,54
775,4,2,1,271,32,3,9,727,1906,29,16,31
776,20,6,3,238,6,4,24,548,1841,90,15,70
777,6,5,4,380,86,3,35,499,2013,98,13,1
778,11,3,2,121,50,5,60,922,1948,97,7,22
779,18,2,5,282,12,4,13,517,1947,43,21,16
780,3,3,5,373,80,1,19,619,1989,96,34,22
781,9,2,3,389,66,3,15,517,1826,64,5,19
782,14,5,5,358,95,1,65,556,2005,49,40,70
783,19,3,3,216,50,1,64,723,1872,84,4,62
784,6,4,3,196,38,4,34,758,1928,97,17,5
785,11,6,3,241,14,5,42,24,1875,86,16,9
786,10,8,2,366,47,3,37,740,1875,42,12,36
787,2,3,3,480,37,5,31,397,1848,77,8,14
788,19,1,1,188,31,2,41,382,1859,95,16,24
789,15,5,1,428,89,1,31,400,1923,98,3,6
790,4,7,3,378,40,1,39,697,1945,59,15,16
791,4,10,4,86,38,3,69,645,1982,56,41,34
792,8,3,5,182,71,1,10,58,1932,90,12,13
793,3,5,4,55,96,2,35,189,1881,48,28,22
794,7,2,4,416,50,4,80,298,1832,85,3,64
795,13,1,3,244,35,1,0,293,1970,62,33,28
796,18,3,2,113,12,1,76,207,2012,93,14,10
797,19,1,2,283,14,2,17,906,1976,93,22,20
798,13,3,2,224,15,1,47,877,1877,69,12,32
799,15,2,5,271,14,2,18,557,1984,16,0,10
800,2,10,4,110,21,3,87,701,1964,96,34,60
801,2,2,2,323,49,2,90,653,1849,21,5,23
802,16,10,5,81,7,5,86,907,1969,89,18,3
803,7,5,1,221,42,1,64,104,2008,19,38,55
804,2,9,1,66,41,5,72,177,1877,20,26,16
805,17,9,3,319,66,3,37,162,1807,75,25,52
806,6,6,4,284,97,4,2,115,1930,47,7,79
807,10,9,3,450,78,1,92,718,1981,38,14,38
808,2,6,3,139,2,4,19,808,1872,87,38,5
809,17,10,5,427,14,5,61,400,1943,38,27,3
810,9,2,2,51,55,3,94,762,1800,84,28,40
811,6,3,2,303,61,4,89,438,1930,10,11,67
812,11,1,4,160,38,5,99,140,1982,13,38,1
813,7,4,4,94,13,4,45,497,1950,96,38,24
814,5,10,3,482,71,2,11,171,1905,44,19,16
815,8,3,1,492,43,1,0,834,1952,56,28,66
816,19,5,5,457,2,3,17,66,1865,14,6,58
817,3,3,5,109,83,2,24,595,1920,85,36,40
818,20,6,3,306,68,1,11,393,1863,51,23,52
819,9,3,5,194,2,2,92,672,1848,49,16,50
820,13,8,2,371,18,4,6,829,2017,50,6,3
821,18,8,4,138,100,4,85,471,1923,29,10,25
822,9,6,4,207,39,2,27,735,1854,15,48,12
823,11,3,1,302,46,2,37,399,1886,28,4,41
824,4,9,1,414,87,4,97,309,1977,28,6,20
825,1,3,4,128,55,5,44,811,1858,67,48,74
826,5,9,1,350,61,3,50,968,1963,78,9,52
827,11,10,4,268,45,4,21,576,1992,85,42,46
828,1,5,4,214,45,2,33,603,1909,24,30,48
829,6,2,3,50,47,4,6,886,1819,26,36,69
830,1,4,4,350,20,5,91,674,1980,38,44,35
831,6,8,1,194,15,5,71,268,1992,60,38,16
832,15,6,5,130,5,4,56,102,1821,94,34,79
833,11,10,4,291,2,3,73,338,1967,97,11,69
834,18,7,4,425,20,1,77,506,1870,62,29,50
835,11,3,2,488,3,3,58,715,1991,11,13,54
836,4,7,4,332,95,3,69,935,1971,19,40,69
837,7,9,4,217,92,1,72,423,1923,22,8,62
838,10,8,3,431,22,5,52,724,1892,20,35,8
839,4,6,2,219,32,5,65,207,1827,64,39,9
840,11,5,3,350,7,5,38,162,1993,80,13,38
841,15,8,3,221,46,2,65,132,1974,55,14,20
842,18,7,3,493,84,1,76,877,1927,50,46,1
843,2,3,5,165,7,3,33,653,2012,59,37,4
844,5,6,3,274,9,5,48,871,1928,37,6,4
845,9,1,2,337,22,5,77,815,2005,62,17,62
846,1,4,4,484,0,3,78,972,1886,22,50,35
847,9,1,4,267,45,3,2,205,1879,47,34,60
848,13,7,1,152,13,3,47,63,1970,25,6,58
849,16,10,3,130,87,5,84,957,1862,70,44,17
850,8,10,3,349,16,3,64,782,1977,84,4,55
851,1,10,2,495,1,2,84,982,1875,27,14,43
852,20,6,3,83,99,4,93,818,1846,51,15,6
853,7,1,3,426,13,4,82,398,1801,75,34,13
854,18,7,1,101,51,2,10,489,1856,80,27,65
855,2,6,2,271,61,2,18,590,1849,40,9,46
856,3,5,5,224,88,3,32,355,2013,23,27,48
857,19,5,2,108,29,4,0,143,1972,64,14,18
858,6,6,3,313,30,4,90,549,1942,82,12,30
859,6,1,5,332,94,5,33,704,1940,18,3,28
860,17,2,1,187,28,1,38,935,1884,98,44,38
861,14,8,2,482,77,5,69,443,1819,75,24,73
862,13,10,3,494,86,2,0,74,1950,62,13,41
863,4,6,4,84,17,4,56,273,1918,29,45,46
864,4,3,3,59,96,2,8,127,1865,19,30,77
865,4,1,5,365,100,4,99,519,1830,37,49,52
866,15,9,2,437,50,5,86,91,1971,59,39,26
867,8,5,1,108,3,2,20,797,1964,86,26,72
868,8,4,5,335,34,5,39,90,1951,48,9,20
869,19,5,1,459,54,5,70,347,1908,11,30,10
870,19,1,1,196,70,4,1,285,1889,54,5,12
871,14,1,1,138,93,1,77,106,1885,11,35,10
872,8,9,3,163,100,4,72,586,1967,77,22,75
873,1,1,3,339,25,2,93,481,2014,33,42,39
874,20,2,3,336,44,1,94,399,1838,83,6,42
875,6,4,1,446,76,1,12,812,1929,89,41,5
876,2,7,5,469,57,2,39,385,1800,97,43,60
877,10,9,1,270,79,2,90,650,1962,48,37,72
878,14,7,2,419,29,5,100,332,1999,79,46,35
879,17,9,2,457,77,4,39,800,1835,41,39,47
880,19,9,1,289,54,2,80,690,1821,59,33,20
881,14,2,2,451,19,2,67,839,1964,40,1,31
882,15,7,4,279,78,1,55,846,1948,48,15,72
883,18,7,4,379,45,1,70,721,1951,53,9,26
884,13,7,3,475,89,2,9,905,1865,91,1,69
885,4,3,2,246,91,4,63,498,1832,92,34,62
886,16,10,4,137,76,4,78,853,1894,11,2,66
887,18,1,1,329,11,3,98,905,2015,84,43,23
888,2,10,3,363,57,5,89,508,1842,83,34,72
889,20,9,4,436,55,4,97,653,1953,32,49,75
890,14,5,5,241,60,1,2,928,1892,18,4,43
891,20,2,3,267,65,5,56,578,1811,29,17,66
892,13,5,4,126,69,1,54,214,1887,97,46,17
893,12,10,4,275,8,5,33,647,1866,78,23,52
894,12,1,5,259,45,4,18,82,1980,96,13,54
895,6,4,2,403,13,1,22,901,1975,78,40,53
896,8,10,4,490,67,4,77,138,1926,55,49,77
897,8,8,1,423,90,1,83,288,1809,59,17,31
898,9,10,2,210,62,3,54,880,1949,50,11,49
899,8,10,2,366,95,2,10,296,1923,56,25,56
900,16,9,2,101,75,2,87,574,1974,99,40,69
901,2,4,1,388,0,3,70,39,1878,40,34,68
902,2,3,1,271,15,2,77,631,1890,21,19,34
903,1,6,3,120,62,3,21,594,1864,13,20,66
904,4,2,2,324,58,4,91,56,2020,21,33,69
905,7,6,4,70,4,5,32,707,1929,54,38,5
906,14,5,1,97,25,1,44,989,1905,88,48,18
907,8,5,2,144,16,4,20,179,1972,63,38,72
908,10,2,3,117,29,5,10,878,1878,52,9,7
909,3,7,5,361,75,3,10,966,1975,69,42,67
910,12,9,5,214,72,1,52,346,1966,20,2,51
911,13,10,4,73,65,2,72,15,1871,73,43,63
912,13,6,1,284,40,1,19,108,1802,20,1,2
913,14,8,1,109,6,2,0,771,1952,92,22,64
914,16,4,3,86,1,4,75,85,2015,39,13,73
915,19,2,5,330,29,2,23,632,1884,37,7,49
916,13,4,5,139,62,5,81,616,1891,73,11,69
917,14,10,1,498,87,4,74,122,1848,59,34,40
918,8,1,1,492,86,2,53,949,1824,52,21,13
919,5,6,2,164,90,4,63,972,1892,41,0,10
920,11,4,4,100,32,4,83,920,1858,19,30,15
921,8,1,1,438,26,3,8,935,1800,59,19,59
922,10,8,5,486,1,2,96,982,1964,29,41,75
923,8,6,2,289,96,4,39,91,2007,92,0,73
924,8,3,3,275,7,3,11,298,1870,47,4,26
925,2,3,4,273,6,3,38,732,1977,95,28,58
926,14,4,1,173,49,4,21,745,1983,71,5,64
927,9,8,2,467,81,5,30,43,1992,15,28,23
928,19,8,3,108,57,2,12,148,1844,50,16,45
929,1,2,2,103,47,5,34,720,1800,57,43,28
930,2,9,1,462,44,1,32,908,1917,49,30,39
931,13,2,1,428,39,3,11,824,1849,32,47,77
932,11,5,1,195,8,2,69,145,1946,86,38,37
933,18,6,1,360,12,5,16,218,1836,59,5,42
934,17,8,4,78,87,1,68,332,1890,80,48,23
935,19,4,1,102,50,4,96,397,1901,63,35,8
936,3,1,5,417,95,5,83,557,1997,11,29,65
937,16,5,4,425,77,1,87,579,1899,67,22,13
938,17,4,2,197,55,4,1,593,2018,28,1,15
939,12,6,2,463,99,3,52,491,1997,85,31,1
940,17,6,5,165,33,3,0,51,1913,91,3,61
941,15,3,1,172,60,2,86,121,1998,51,21,29
942,12,9,1,293,3,1,71,866,1878,37,1,24
943,5,8,3,132,7,3,40,388,2018,19,11,32
944,7,7,2,385,1,4,41,27,1917,24,34,42
945,2,10,2,54,71,2,18,109,1956,15,9,45
946,1,3,1,475,6,3,49,928,1810,58,8,13
947,10,7,2,487,92,2,5,47,1930,96,49,80
948,17,6,5,186,91,5,27,911,1869,86,10,4
949,2,2,3,114,64,4,57,362,1834,44,45,1
950,2,2,4,284,65,5,35,647,1909,98,27,26
951,4,8,5,441,45,4,60,846,1966,44,12,23
952,3,9,2,90,19,5,37,482,1911,96,30,78
953,10,2,4,275,62,3,85,43,1894,13,47,17
954,2,6,4,354,10,1,96,193,1941,91,4,72
955,15,1,1,253,22,5,19,218,1875,28,29,55
956,17,1,4,328,71,4,80,805,1935,92,7,28
957,19,3,2,481,52,1,84,400,1994,19,6,68
958,16,7,1,100,5,4,32,50,1913,70,4,67
959,17,10,5,54,46,3,10,993,1933,10,15,32
960,19,6,2,184,90,2,43,580,1967,86,21,4
961,11,1,2,284,70,5,100,747,1881,30,18,8
962,8,3,5,184,97,3,1,689,1976,15,24,37
963,5,5,5,309,50,2,18,452,1872,85,20,59
964,20,2,4,458,93,5,70,439,1915,55,16,24
965,7,7,1,294,87,5,42,953,1814,71,15,56
966,2,7,1,312,33,4,8,471,1871,40,36,47
967,12,10,4,116,5,3,14,221,1894,75,43,6
968,15,10,2,353,32,4,27,172,1860,78,37,38
969,14,3,2,274,47,5,18,312,1902,66,33,22
970,15,3,4,203,46,1,82,482,2003,16,13,9
971,18,1,2,60,13,3,37,686,1929,30,2,30
972,13,3,5,212,66,2,20,497,1843,27,45,46
973,20,8,1,142,79,5,16,545,1861,78,23,59
974,11,4,1,85,87,2,8,413,1961,57,3,55
975,13,1,5,205,79,3,66,532,1975,83,39,78
976,20,4,2,250,9,5,14,238,1817,39,33,79
977,11,8,1,120,92,5,98,348,1877,90,14,41
978,1,9,3,86,29,2,69,896,1862,62,5,72
979,9,3,3,93,85,3,31,400,1916,63,44,49
980,16,10,1,81,27,1,35,680,1903,15,16,46
981,6,7,5,234,99,5,25,386,1924,100,29,8
982,13,6,4,484,2,3,21,452,1899,54,49,8
983,6,1,2,346,47,1,84,859,1873,96,21,72
984,1,3,3,498,50,3,54,341,1907,81,41,20
985,12,10,1,126,33,5,87,643,1916,76,16,54
986,20,6,2,340,28,1,7,472,1956,47,9,78
987,7,9,2,180,94,5,75,321,1805,61,38,9
988,6,1,2,198,51,5,68,174,1930,15,11,74
989,16,3,2,210,40,1,57,232,1943,55,24,53
990,8,1,4,474,41,1,55,833,1977,25,21,49
991,4,10,3,230,38,4,1,750,1939,33,45,2
992,10,1,1,415,83,2,20,114,1923,41,46,34
993,16,6,5,102,12,1,4,870,1987,20,2,52
994,17,7,4,109,35,5,82,911,1887,49,39,36
995,20,5,1,57,1,1,8,77,1806,96,35,31
996,20,9,5,214,12,2,53,843,1955,42,31,59
997,18,5,4,247,95,5,56,790,1987,50,24,70
998,3,5,5,156,38,5,53,853,1919,75,39,22
999,7,6,3,71,77,1,73,810,1838,21,16,28
