,query_id,nrooms,nbedrooms,nbath,sm,garden_sm,floors,gargae_sm,price,year,windows,dist_city,doors
0,0,,,2,,,,,,1818,10,,
1,1,1,,,,6,,,,,,24,
2,2,5,2,3,,5,3,,351,,31,,
3,3,4,,2,103,,,,643,1935,18,7,9
4,4,1,2,1,,35,1,,465,1959,20,,
5,5,1,3,3,164,,2,48,,1939,39,,5
6,6,5,,2,,9,,,,,,,
7,7,,2,1,52,27,2,25,202,1850,35,46,6
8,8,3,3,2,,46,2,26,342,2010,28,49,
9,9,,2,,108,,,17,725,1951,,19,9
10,10,,,,,49,3,,,,,41,
11,11,,,,191,,,36,,2017,,,2
12,12,2,3,,73,,,2,629,1984,13,,4
13,13,,3,,,,,,879,1830,42,,
14,14,4,2,1,99,39,1,47,556,1913,21,4,5
15,15,1,2,,,19,3,,,1867,25,,
16,16,,,,,,,,,,,,8
17,17,,,,,1,,,,1933,,,
18,18,3,3,2,,35,2,,141,2008,37,10,
19,19,1,,,,,1,13,308,,50,32,2
20,20,,,,,,2,1,31,,,,10
21,21,4,3,,133,,2,26,994,1960,,,
22,22,3,,,142,14,,46,,,,28,
23,23,4,2,1,99,39,,47,556,1913,21,4,5
24,24,,,,84,,3,,,,,35,
25,25,3,3,2,150,,3,,693,1956,,13,3
26,26,4,2,1,,,2,,,1914,37,49,
27,27,5,2,3,127,44,2,23,105,1884,19,48,1
28,28,1,1,3,145,29,1,3,257,1875,,4,
29,29,5,2,2,108,17,1,17,725,1951,46,19,9
30,30,3,2,1,82,39,2,30,717,1805,18,44,1
31,31,,2,,,,,4,,,35,43,
32,32,3,3,2,,46,,,342,2010,,,7
33,33,3,1,,73,18,,40,871,,,33,3
34,34,3,,,199,34,3,46,,,,17,
35,35,2,1,,90,18,,3,856,,35,0,7
36,36,3,3,3,132,2,2,0,547,1800,24,48,3
37,37,4,,3,,15,,27,,1807,,40,
38,38,3,2,,74,,,17,682,1996,,,4
39,39,2,,2,64,29,1,27,53,1934,33,,1
40,40,,,,194,49,,45,549,1846,,,
41,41,,,,87,3,,,,,,,3
42,42,,,,,,1,,,,35,,
43,43,,3,,187,36,3,6,,,,31,9
44,44,1,2,2,116,49,1,9,706,,,,
45,45,4,,2,160,,1,,409,,34,,
46,46,,,,,,,43,,,,43,
47,47,1,2,2,55,39,1,32,66,1858,,26,3
48,48,4,,,103,34,3,7,,1879,41,,
49,49,,,2,194,49,3,,549,1846,29,,
50,50,2,,,,35,,,,,,,8
51,51,,,,,,,,,,,30,
52,52,4,,,,,,,,,,,
53,53,4,3,1,187,36,3,6,310,1839,10,31,9
54,54,3,3,,188,21,3,,987,1825,19,35,9
55,55,3,1,2,188,39,3,39,,1941,42,29,2
56,56,1,,,168,,3,,271,,18,31,
57,57,,3,,,,2,,723,,11,,10
58,58,,3,,,,,,,,,34,
59,59,1,,,,,3,,,1813,20,,
60,60,,,,,0,,,,,,,
61,61,3,,,96,,2,15,287,,17,0,3
62,62,,2,,,,3,,430,1806,,,9
63,63,1,,,,46,,,699,,,,4
64,64,,,,170,37,1,,,1909,,,
65,65,2,3,2,79,7,1,,754,1879,17,14,8
66,66,,,2,,,,,,,,,
67,67,1,2,1,,31,,,276,1864,,,4
68,68,,,3,,,3,,,,27,,2
69,69,3,1,3,93,,1,,,,,,3
70,70,4,1,2,89,,,42,,1860,14,,
71,71,3,,,99,14,1,29,22,,,0,6
72,72,3,,,,26,,,,1985,,,
73,73,,,,,15,,,,1878,36,40,
74,74,4,2,3,110,0,2,41,552,2002,,,
75,75,2,,1,,,1,,577,2000,35,,3
76,76,,,1,82,,,,416,1919,40,,2
77,77,2,,3,61,,2,5,147,1800,50,32,9
78,78,,,,,,2,,812,,41,,
79,79,,,3,,13,1,7,,,32,43,10
80,80,,,,,,,,,,50,,
81,81,,,,,,1,,,1997,,,2
82,82,1,3,,,30,,22,,1823,40,36,4
83,83,3,,1,188,41,3,48,,,43,48,
84,84,,3,,155,,,34,428,,,5,5
85,85,3,,2,70,3,2,,559,1969,,28,
86,86,,2,,,,3,,237,1809,45,22,7
87,87,,3,,,39,,,,,,,
88,88,3,3,1,,27,,15,,1939,17,,3
89,89,,,,,30,,,,1915,,38,
90,90,2,3,3,,47,1,,579,,32,,
91,91,1,1,1,112,47,3,39,,,,0,4
92,92,1,,2,,,,11,,1928,,,
93,93,5,,,65,,1,37,,1994,50,,
94,94,4,,2,166,50,,24,,1913,28,14,4
95,95,,,,,,,,,,,50,
96,96,,,,,,,,368,,,,
97,97,,,2,,,,,,,,,
98,98,,,2,153,,,,,,28,45,7
99,99,4,,3,78,7,,1,,1812,,10,5
100,100,4,1,,144,5,2,49,967,1934,,,9
101,101,,1,3,145,,,3,257,1875,,,5
102,102,,,,162,44,,,,,45,37,9
103,103,4,,,,,2,,777,,,10,
104,104,2,,3,88,21,,29,170,1859,28,16,3
105,105,5,,3,,,,35,,,15,5,10
106,106,1,,,,13,,32,797,,,,2
107,107,4,1,1,77,49,,19,326,1894,41,41,
108,108,,3,3,106,,,,665,,,,
109,109,,,1,,3,2,17,,1830,46,29,1
110,110,4,2,,137,36,,,,,18,,
111,111,,1,,,,,,27,,10,,
112,112,4,1,3,146,34,3,12,800,2007,27,45,
113,113,1,,1,111,31,3,,276,,45,21,4
114,114,,,,58,2,1,,936,,,,
115,115,5,,1,,6,1,,,,49,50,1
116,116,,,,,,,,900,1936,,,
117,117,1,1,3,75,20,,26,,1894,19,,5
118,118,1,1,3,,2,,28,,,,15,1
119,119,,,,,48,2,,,1999,21,,
120,120,3,,,68,18,2,,,1932,,11,5
121,121,4,,1,,,1,,,,,,
122,122,5,,,197,,,,989,1871,42,23,
123,123,4,,2,149,20,1,33,939,1810,,45,2
124,124,4,2,2,,31,1,29,977,,,48,
125,125,,,1,175,,,46,,,46,,
126,126,2,,,,,,3,417,,,,
127,127,4,,2,141,,2,,,1885,38,17,
128,128,,2,,189,,3,,307,1815,,41,
129,129,,2,2,,3,,,,,41,12,
130,130,,,,,,,23,,,,,
131,131,4,2,2,167,40,,6,727,,18,48,4
132,132,,1,1,55,1,3,30,,1913,30,10,8
133,133,,,,,,3,,,,10,,4
134,134,1,,,,,,19,,,,,
135,135,2,3,,,7,3,,,,29,,
136,136,5,3,,117,28,,20,,1828,19,30,5
137,137,5,,,,,,,,,,29,
138,138,,1,3,138,,3,21,46,2012,43,13,4
139,139,3,3,3,131,1,2,50,122,1970,,39,4
140,140,5,2,2,133,41,,31,456,1903,14,3,7
141,141,5,,2,122,,3,28,747,,,15,
142,142,,2,,,,1,,,,,,
143,143,3,,2,,,2,11,,,17,,
144,144,5,,3,161,,1,12,867,1918,,41,
145,145,1,3,3,61,10,2,0,401,1990,28,6,7
146,146,4,,,61,22,2,14,37,1955,,26,5
147,147,3,,,,,,0,,1899,32,,
148,148,,,1,,,3,,,,,,
149,149,4,1,3,135,46,3,,810,2013,,50,2
150,150,,,3,86,10,,,840,,,46,
151,151,,,2,,,,,788,,,,
152,152,,,,,27,,22,200,,,47,
153,153,,3,,62,14,1,45,591,1915,32,1,9
154,154,1,2,,60,20,2,,195,1892,50,39,3
155,155,1,2,3,,,3,44,,,15,29,4
156,156,1,1,1,160,,,,,1901,47,4,3
157,157,,2,2,,39,,,,,39,40,1
158,158,,2,,,12,3,37,,,37,,10
159,159,,,,,,,,,,28,,
160,160,1,,1,161,,1,,,,,11,
161,161,,,2,52,,,35,187,,19,2,
162,162,5,,,183,50,2,39,,1998,,,
163,163,5,2,2,133,41,,31,456,1903,14,3,7
164,164,5,2,1,,27,2,25,,1850,35,,6
165,165,4,1,2,,25,3,29,,1943,13,8,5
166,166,1,1,2,,0,2,19,824,1847,31,24,
167,167,,,,,18,,3,856,,,0,
168,168,,,1,183,,,,829,,,,
169,169,1,2,,,,2,48,,,45,,9
170,170,4,1,,,,,,,,50,,10
171,171,1,1,1,183,20,3,40,829,1863,41,21,4
172,172,2,,,,,,,995,,,,
173,173,5,2,,,,,,,,,,
174,174,,,3,,31,,,,,,,
175,175,,3,,,,,47,,,,,
176,176,,,1,174,25,2,17,,,,,
177,177,1,,,123,,,22,,,,24,7
178,178,,2,,81,,,,483,1848,,,5
179,179,4,3,,195,48,2,20,770,1806,,36,10
180,180,,,,52,17,,27,,,,,
181,181,5,1,2,,44,1,12,,1927,,,7
182,182,,2,,125,,,38,,,,,
183,183,4,1,1,108,,,2,945,,,12,
184,184,,2,,144,15,1,,,,35,,
185,185,2,,2,79,28,2,25,128,1958,17,47,4
186,186,,3,3,,,,,,1805,12,23,1
187,187,,,1,135,9,2,32,339,,,,
188,188,,3,1,137,27,,,882,,27,,
189,189,,1,,,23,,,814,,,,
190,190,3,2,1,120,4,,12,356,1809,41,39,
191,191,1,3,,,,2,,568,1967,41,43,6
192,192,,1,,102,33,1,,600,1947,47,29,9
193,193,,1,,96,34,,,,,,,7
194,194,4,,1,,0,,8,,1881,50,,4
195,195,1,2,2,55,39,1,32,66,1858,30,26,3
196,196,3,3,1,168,3,2,29,895,1899,32,10,
197,197,1,1,3,161,45,3,6,604,1973,25,41,3
198,198,5,,,93,,,4,726,,,2,
199,199,,,3,,44,3,,,,,,10
200,200,5,3,2,,26,,17,428,1980,45,10,5
201,201,,,,,,,,,1970,,,
202,202,,,,52,,1,,,,,,
203,203,,,,84,,,,,,,14,
204,204,4,2,1,103,38,2,35,932,2003,48,38,
205,205,3,1,2,,,3,12,207,1818,10,34,10
206,206,5,,3,,,1,24,,,34,41,1
207,207,1,3,3,134,23,3,27,22,1932,43,41,9
208,208,,,3,52,40,3,40,683,1974,24,11,1
209,209,,,,192,,,,,1888,,45,
210,210,,,,,,3,39,234,,37,0,4
211,211,4,,,,36,2,33,,1828,42,,
212,212,3,3,2,139,34,2,41,280,1921,40,44,5
213,213,4,1,1,184,26,1,16,533,1943,14,8,2
214,214,4,,,,49,,,564,,,,2
215,215,3,3,3,,32,2,12,117,1873,44,37,1
216,216,2,,3,126,24,2,,,,19,45,6
217,217,,,,,,3,,,,47,,
218,218,,3,3,,,,,,,32,,
219,219,4,,,,33,,,923,,,13,6
220,220,1,,,,,,,,,,22,
221,221,,1,3,,28,3,,126,,,,2
222,222,4,1,1,77,48,3,16,768,,15,20,6
223,223,1,3,2,162,37,1,,,1887,17,7,
224,224,,,,,,,,875,1908,26,22,3
225,225,,1,2,138,42,1,19,,,35,,8
226,226,2,1,,122,,2,14,,,46,,1
227,227,,,,,,,,,,,13,
228,228,,,2,107,,,43,63,1945,37,,10
229,229,3,2,3,198,42,2,38,437,1997,,17,10
230,230,,3,1,,5,,47,,,,,
231,231,5,3,2,179,,2,43,723,1943,11,36,10
232,232,2,1,2,111,49,1,26,70,1845,25,18,9
233,233,,,,,,1,,,,,,
234,234,5,1,1,98,42,2,5,946,1841,13,38,9
235,235,3,1,3,51,0,2,7,744,,20,30,
236,236,,3,3,195,46,3,12,830,1850,41,6,10
237,237,4,3,,,47,1,24,981,1978,18,,9
238,238,4,2,,194,43,3,24,149,1957,10,27,
239,239,1,1,2,114,,1,,963,1919,16,43,6
240,240,,2,2,,,,,567,,,26,2
241,241,2,3,1,76,1,1,14,651,1981,47,42,7
242,242,,,,128,,1,,,,,46,
243,243,1,,2,,,,,706,1920,,,5
244,244,2,3,2,73,,,2,629,1984,13,37,4
245,245,1,2,1,98,,3,42,907,1830,,43,
246,246,,,,143,,,,,,,6,
247,247,4,2,3,105,5,3,35,218,1812,48,2,8
248,248,1,1,3,102,1,2,45,892,,27,11,7
249,249,2,3,,,40,3,14,715,,27,4,
250,250,1,,3,178,29,2,,509,1862,,30,9
251,251,5,3,,,,2,42,,1852,,18,4
252,252,4,1,,146,,3,21,323,1827,45,46,
253,253,,1,,,,3,,,1858,,,9
254,254,3,3,,89,3,2,,385,1987,,11,4
255,255,4,,3,,25,2,,,1899,35,,6
256,256,,,2,70,,,,559,,,,
257,257,,,1,,,,,633,,,,
258,258,,1,,,,,11,,1961,,,10
259,259,2,1,3,144,12,1,,,2002,11,,3
260,260,,1,,,32,1,,,,,,
261,261,3,3,1,196,38,3,48,144,1920,34,46,1
262,262,1,1,3,84,39,3,13,368,2015,27,,7
263,263,4,,1,,,,46,,1928,13,50,
264,264,1,1,,120,0,2,19,824,,31,24,
265,265,,2,3,,,3,13,,,,,1
266,266,4,3,2,161,17,2,47,900,1936,28,15,1
267,267,,2,3,55,,,12,295,1811,27,42,10
268,268,2,2,3,186,32,2,34,340,1805,14,21,4
269,269,4,3,3,138,3,2,47,281,1918,,23,4
270,270,,,,63,,,,,,,,
271,271,,1,1,,,1,,222,,,,
272,272,,,,,,,28,479,1965,38,,7
273,273,4,,,56,,2,,420,1955,,44,
274,274,3,3,1,116,37,1,8,455,1905,44,1,1
275,275,3,,2,,,,,462,1916,36,7,
276,276,,3,1,93,,,,,,,,10
277,277,2,,3,,,3,4,51,1915,11,,
278,278,4,,,,,2,43,,1881,24,,
279,279,,,,,,,18,,1835,,17,
280,280,5,1,3,75,,3,19,309,1894,19,2,5
281,281,4,,,,,,32,,1924,,,3
282,282,,,,,,,,,,34,,
283,283,3,3,3,,17,1,25,776,1991,15,13,5
284,284,5,1,2,109,40,3,25,922,1844,33,14,6
285,285,,,,78,,,,197,,,,
286,286,3,2,1,82,39,2,30,717,1805,18,44,1
287,287,,,,,30,1,18,943,,47,,
288,288,,,1,80,22,,,781,,10,23,9
289,289,2,2,1,64,1,2,,278,1915,42,35,
290,290,4,2,,97,26,2,5,402,2011,21,10,3
291,291,2,3,3,93,42,1,7,689,1905,,41,9
292,292,5,,1,,,,,300,2020,35,15,7
293,293,4,3,,165,1,,43,125,,14,27,
294,294,,1,,,,2,,967,,23,38,
295,295,,2,2,,13,,32,,1918,10,,
296,296,3,,,,20,2,27,,,,,
297,297,1,1,2,53,19,3,48,995,1813,20,2,10
298,298,,1,,,,,35,,,,,
299,299,2,2,,142,18,,,356,1939,37,,5
300,300,4,1,,80,,3,,,,13,39,5
301,301,,,,,,,0,,,26,,3
302,302,,,,,,,48,,,23,,
303,303,,,,95,,,,242,,,17,9
304,304,5,3,1,93,34,3,32,321,1855,,0,10
305,305,,3,1,,15,1,,441,1904,16,16,8
306,306,,3,2,163,49,2,47,,1898,45,,9
307,307,1,,,,,,,,,33,,
308,308,,2,,102,,3,,347,1994,,26,9
309,309,3,3,2,95,37,2,7,401,1833,38,,7
310,310,3,2,3,84,12,1,35,,,22,48,2
311,311,,,2,,,2,50,,,,9,
312,312,5,2,2,169,,2,,,,,,
313,313,2,,1,71,11,1,8,181,1942,,13,10
314,314,,1,,84,,3,,,,,35,7
315,315,,,,,,,46,77,,,,
316,316,1,3,2,97,50,,23,401,1903,25,,7
317,317,,3,,140,46,3,,,1836,,,4
318,318,,,3,,,,,,,,,
319,319,5,,,,,1,,237,,36,,1
320,320,,,,135,,,,,1956,,,
321,321,1,1,2,120,6,2,21,72,1856,46,11,7
322,322,5,2,2,135,16,,41,123,1908,11,17,1
323,323,,,,,,,,,,25,35,2
324,324,,,,138,,,12,,,,,
325,325,,,,95,,,,,,,,7
326,326,,,,,,,,,1888,10,,
327,327,,,2,130,,3,44,,,,,
328,328,1,2,1,,24,2,,,,,,
329,329,3,1,1,86,7,,,872,,19,30,6
330,330,,,,,,,,,,,23,
331,331,,3,2,103,34,,7,,1879,,47,
332,332,5,,3,131,,1,,895,,,18,
333,333,,1,,,,,34,,,48,,
334,334,4,1,,,38,,,521,1836,38,19,
335,335,,,,,,,,,1927,,,
336,336,,,,,,,,,,,4,
337,337,,,,,20,2,14,,,,,
338,338,1,3,2,67,7,1,,494,1943,14,44,9
339,339,3,3,,195,,2,49,155,1804,,5,
340,340,5,3,2,103,22,1,48,631,1810,28,47,3
341,341,3,3,,145,23,,37,158,,48,34,2
342,342,5,3,3,111,48,3,13,976,1844,18,34,10
343,343,4,,,102,14,,,469,1916,,,
344,344,5,2,3,158,35,1,,954,,12,43,
345,345,3,,2,,,,,,,,,
346,346,,,,,,,,,,,,9
347,347,2,,1,,,1,,,,47,36,
348,348,3,3,1,116,37,1,8,455,1905,44,1,1
349,349,,2,,,38,2,,,1917,,,3
350,350,4,2,3,,,2,1,,1812,,,
351,351,,3,2,62,14,3,,,,,,8
352,352,1,,,,33,,,,1979,,,
353,353,4,3,3,,3,2,,,1918,,23,4
354,354,2,,,90,,,,856,,,,
355,355,,,,,8,,,236,,,,1
356,356,,,,,,,,734,2019,47,,4
357,357,,2,1,79,,,,,,,,
358,358,,,2,,,3,,,1809,,,
359,359,,,,,,,,,1928,,50,
360,360,5,,,84,42,1,49,,1840,25,,
361,361,,2,3,128,11,1,49,,,,14,10
362,362,,,1,,,2,,,2020,35,,
363,363,,2,3,,7,,18,674,1844,19,12,5
364,364,,,,67,,,,,1827,,,
365,365,,1,1,113,,1,24,189,1874,41,25,6
366,366,,,,,,,30,,,,6,
367,367,3,,1,166,19,,,522,1881,,,8
368,368,1,2,2,116,49,1,9,706,1920,19,42,5
369,369,,,,,,,22,,,,49,
370,370,1,,3,190,40,,6,803,,13,33,5
371,371,3,,1,75,7,3,7,310,1990,42,43,10
372,372,,,,,,2,,,,16,,7
373,373,1,3,1,68,13,2,,109,1836,,30,5
374,374,,,,,,,38,,,,,
375,375,,,,,22,,4,726,,,,
376,376,5,2,2,199,3,2,35,769,1866,26,,9
377,377,,2,2,,,2,8,,,37,,1
378,378,2,,,144,,,18,,,,,3
379,379,,2,2,148,,2,1,,1913,45,6,8
380,380,4,1,,126,21,3,36,187,1988,17,24,1
381,381,1,2,1,128,11,1,21,43,1989,17,18,1
382,382,1,,3,146,,1,48,433,2003,,22,8
383,383,5,3,1,185,9,,37,572,1837,48,,2
384,384,,,,163,,1,,46,1877,11,,
385,385,,,1,173,,2,43,463,1881,24,11,
386,386,,,,140,,,,744,,,,
387,387,,1,3,108,,3,,65,,,,5
388,388,4,2,3,162,,,43,,,46,,2
389,389,5,2,3,,,1,,406,1849,11,23,
390,390,,3,,103,,,,,,,,
391,391,3,3,2,69,39,2,6,188,1979,49,36,1
392,392,,2,,,,,,,,,,
393,393,,1,2,,,,,889,,,,
394,394,3,3,2,191,,1,,859,1966,44,,5
395,395,,,2,,,,,,,45,,
396,396,,3,2,110,24,,,,,45,,
397,397,,,,,,3,,,,,11,9
398,398,,,1,,,2,27,,,,,
399,399,2,3,1,82,,,15,,,,1,10
400,400,1,1,3,,12,,,,1976,,29,
401,401,1,,1,,39,2,,,1866,14,27,1
402,402,,,1,,,,,861,,11,33,
403,403,,2,,100,9,,,850,,18,,3
404,404,3,2,,157,42,2,25,935,1981,34,45,3
405,405,,,3,112,11,3,,53,1838,25,,6
406,406,4,1,3,119,19,3,33,343,,33,3,7
407,407,2,,,,,,,,,,,6
408,408,,,,,39,,,123,,,,
409,409,2,3,2,199,27,,6,835,2012,47,12,4
410,410,,,,,,3,,,,23,47,
411,411,3,3,,96,27,2,15,,,,0,3
412,412,2,1,1,154,20,2,12,399,2012,16,3,7
413,413,3,1,3,,14,3,,674,1964,,28,10
414,414,,2,3,,,,28,307,,,46,1
415,415,,,,77,49,,,326,1894,41,41,4
416,416,1,2,1,98,45,3,42,907,1830,38,43,5
417,417,,,,,,,,,1937,37,47,
418,418,,,,,,,,,,,50,
419,419,,,,196,,,,,,,,
420,420,1,,,169,,1,,,,,32,2
421,421,2,2,,192,43,,46,,1884,,20,
422,422,1,1,1,104,,3,42,58,,19,39,2
423,423,1,,,192,,,,,,,,
424,424,,3,,,,1,,441,1904,,16,
425,425,,3,3,134,,,,,1859,,29,
426,426,1,3,2,162,37,1,48,852,,,7,8
427,427,,,1,170,,,39,821,1949,,,
428,428,1,,1,,20,,40,829,,,21,4
429,429,,2,,,,,,898,,,,
430,430,,,,,,,,,1822,,,
431,431,,,,,8,,,71,,17,42,
432,432,,,,,,3,,,,,,4
433,433,4,1,2,144,,2,49,967,,23,38,9
434,434,,,2,78,,,50,,,,,
435,435,4,3,1,137,27,,5,882,,27,7,9
436,436,5,,3,,,,,,,,,
437,437,2,,2,190,,,44,459,1933,,7,10
438,438,3,3,1,,8,3,7,985,1950,24,21,
439,439,,,2,158,40,2,34,392,1884,,,
440,440,,1,3,,18,2,21,,,,,
441,441,3,2,1,82,49,3,21,987,,33,36,8
442,442,3,2,2,104,5,2,,567,1971,39,,2
443,443,2,2,2,166,1,3,2,,1847,39,17,9
444,444,4,,,74,,,,804,,,42,1
445,445,3,,,98,6,,10,557,1920,45,7,
446,446,,,3,,25,,,,1872,,,10
447,447,,2,,,0,,44,,1980,33,22,
448,448,,,2,,,,50,197,1894,,,1
449,449,1,2,2,76,,2,,533,,49,,
450,450,1,,3,,14,,45,,,32,1,
451,451,5,3,3,,40,1,4,166,1955,37,48,9
452,452,,1,1,154,43,3,,190,1828,43,,4
453,453,,3,,,,,18,,1886,47,,4
454,454,,2,,119,,,,937,2008,35,23,
455,455,4,1,2,68,6,,46,668,,45,33,6
456,456,2,,,,,3,,,1811,24,,3
457,457,,3,,86,39,2,7,718,1974,43,18,9
458,458,2,3,1,,46,3,24,,,34,11,
459,459,4,1,,120,,3,19,521,1836,,,5
460,460,,1,,198,,,,92,,,5,
461,461,3,,,,,,1,,,29,,
462,462,,1,,,,,,,,,,
463,463,2,2,1,195,17,1,31,,2013,38,14,3
464,464,,,,171,,,,388,1883,,,
465,465,1,1,3,154,15,3,,972,,48,17,1
466,466,,,,,,,,,,,,3
467,467,5,1,2,,,,,,,,,
468,468,5,1,2,124,5,,,882,1977,,,1
469,469,,3,,131,32,,4,51,,11,19,4
470,470,,2,3,145,29,2,,730,1902,,8,2
471,471,5,,3,190,16,3,50,934,1933,38,1,5
472,472,5,2,,166,,,45,237,,,22,7
473,473,,,2,143,,,16,425,2013,16,,
474,474,,,3,52,,,,602,,,3,
475,475,,,,117,4,,24,,,,,
476,476,5,1,2,166,13,3,43,543,1975,44,24,9
477,477,,,,81,,,,,,,,5
478,478,,3,2,134,39,2,32,583,,21,,3
479,479,4,3,1,178,,1,,,,43,,
480,480,,1,1,,,1,,,,42,,4
481,481,,,3,,,,,861,1892,46,,
482,482,4,,3,102,36,2,33,812,1828,,6,9
483,483,,2,,,,,,,,,,
484,484,2,,,73,,,,563,,,17,
485,485,,1,3,,49,3,21,46,,43,13,
486,486,,1,3,183,18,2,21,313,1805,41,36,10
487,487,5,2,,130,,,28,823,,16,,
488,488,,,3,,,1,12,,,20,,
489,489,,,,60,,1,4,,,32,49,
490,490,1,3,1,,46,,14,343,1921,13,27,8
491,491,,2,,96,45,,34,523,1985,,23,
492,492,4,1,3,183,18,2,21,313,1805,41,36,10
493,493,1,1,3,178,11,,32,,,20,,6
494,494,4,1,1,118,39,,37,,1923,22,47,
495,495,5,2,,109,22,2,,911,1848,40,,4
496,496,5,3,,,,1,,,1866,,34,6
497,497,3,1,,193,47,,28,438,1910,,,
498,498,,2,,120,,2,44,476,1921,22,36,
499,499,3,,,199,38,1,48,20,,,36,2
500,500,4,,3,102,,2,33,812,,42,6,9
501,501,4,1,1,76,28,1,30,639,1847,39,15,3
502,502,5,3,2,62,,3,11,710,1801,50,,8
503,503,5,1,,200,8,3,,,,,21,
504,504,,3,1,,,3,34,428,1979,,5,
505,505,1,2,2,141,3,,30,211,1872,26,29,3
506,506,2,3,3,,37,3,10,,,,22,8
507,507,1,,,104,,,,,2020,,19,10
508,508,1,,2,176,,1,,,1954,,0,
509,509,,1,,169,48,2,,237,1989,,46,2
510,510,,2,,,,,,,,,,
511,511,,3,2,156,,1,,624,1899,35,18,8
512,512,,,,153,,,,667,,,,
513,513,,3,,113,,2,13,,1942,,,
514,514,,,,56,48,3,,,,,42,
515,515,4,,1,81,29,,46,,1928,13,50,1
516,516,1,1,2,110,28,2,32,255,,35,10,6
517,517,,1,,143,45,,,,,45,17,
518,518,,,,,,,,,,36,,2
519,519,5,2,2,160,8,,5,,,16,21,3
520,520,,,,,,,,,,,15,
521,521,,,1,,,,,,2017,,,
522,522,5,1,1,,,2,19,855,2018,22,,
523,523,,,1,,46,,,,,,,8
524,524,2,2,1,100,44,1,16,567,1921,,18,10
525,525,,,2,193,2,,39,945,,,,4
526,526,,2,2,152,47,1,,461,1870,14,49,9
527,527,,,,102,9,,,462,1916,,7,
528,528,1,2,,155,42,,,11,1917,,3,
529,529,4,3,,,,1,43,411,2022,,,4
530,530,,1,,152,,3,,92,1856,,,
531,531,4,2,2,51,45,3,5,814,1997,,36,5
532,532,,2,2,,40,,,727,1920,,48,
533,533,,3,2,64,29,1,27,53,1934,33,26,1
534,534,4,3,3,,,3,42,194,2015,45,46,6
535,535,2,1,,102,46,2,5,188,,23,48,
536,536,2,2,,,1,3,2,747,,,44,6
537,537,2,,3,,,3,18,455,1973,36,,2
538,538,1,,2,,8,3,44,846,1866,11,23,
539,539,2,3,,,32,3,4,,1915,11,19,4
540,540,,1,2,,,,,190,,,31,4
541,541,4,2,3,110,0,,41,552,2002,18,,8
542,542,,3,,,,2,,,,44,,
543,543,5,1,1,179,43,1,17,117,1965,,,8
544,544,3,,2,129,6,,43,,,25,,
545,545,,2,,,,1,,180,1947,,,
546,546,,,,,,,27,,1889,,18,
547,547,4,3,2,130,48,1,9,126,1933,30,,9
548,548,5,,,176,,,,,,35,,1
549,549,5,,2,,27,1,34,372,1930,34,10,1
550,550,,,,77,49,1,,,,,41,4
551,551,,2,3,52,31,,,936,1846,20,,7
552,552,,,,52,31,,12,936,,20,,
553,553,,,,,,,23,,,,,
554,554,,3,,,,,,,,,10,7
555,555,4,,1,,,1,29,592,1914,19,,4
556,556,2,,,135,1,2,4,48,1933,40,32,9
557,557,5,3,1,185,9,3,37,572,1837,48,0,2
558,558,5,1,,106,37,2,19,855,2018,22,2,5
559,559,2,3,3,103,,1,7,636,1874,,37,4
560,560,1,2,1,177,35,1,33,465,1959,20,39,1
561,561,,,,190,49,3,,,,,12,2
562,562,,3,2,113,45,,6,218,,22,,
563,563,,,,,10,,29,,1869,32,23,
564,564,,3,,,50,2,5,568,,41,,
565,565,3,1,2,,39,,,,,42,29,
566,566,3,3,2,129,29,3,,755,,16,27,4
567,567,,,1,,,,,,,,,
568,568,,,1,195,17,,,,,38,14,
569,569,,,2,199,27,2,,835,,,12,
570,570,2,3,,,1,2,,958,1842,,37,5
571,571,3,1,3,189,48,1,11,170,1923,27,42,7
572,572,3,3,2,188,21,3,4,987,1825,,35,9
573,573,4,1,1,77,49,1,19,326,1894,41,41,4
574,574,,3,,123,27,2,,,1941,36,50,8
575,575,4,,,,,,20,770,,,,10
576,576,,,1,,,,,438,1910,40,,
577,577,3,,3,52,17,3,16,497,1859,38,29,3
578,578,4,3,,,8,2,10,,1885,24,11,9
579,579,,,3,,25,2,8,602,,35,3,
580,580,,,3,181,41,,14,,,33,5,7
581,581,,,2,,3,1,,,,,,8
582,582,2,2,3,192,43,,46,,1884,46,,
583,583,1,3,2,,24,,,,,,13,
584,584,1,2,1,128,11,,21,43,,,,1
585,585,4,3,1,61,22,2,14,37,1955,46,,5
586,586,,2,,67,17,2,,,,36,20,3
587,587,4,1,,76,28,,30,639,,39,,3
588,588,1,1,,,,2,,,,38,0,2
589,589,,,,,,,,864,,,,
590,590,,,,121,,,30,792,1914,,,
591,591,4,3,1,,,,,320,2004,,29,
592,592,1,1,1,183,20,3,40,829,,41,21,4
593,593,5,,,,,,15,199,,14,,
594,594,3,1,3,77,,,10,957,,14,21,6
595,595,,,1,,,,,,1825,35,,
596,596,,,,65,,,,,,,,
597,597,1,2,3,132,,,28,325,,15,31,7
598,598,,,,,,,,804,,,,
599,599,5,3,2,117,,2,24,794,,26,19,
600,600,4,1,,162,17,,19,390,1818,13,7,9
601,601,3,1,,91,8,2,13,166,,14,36,9
602,602,1,,,,1,3,,385,,49,,7
603,603,1,1,1,,48,2,,234,,26,11,6
604,604,3,2,2,,39,3,,700,1866,36,,10
605,605,,,,,34,,,765,,,,
606,606,3,3,2,121,23,2,37,10,1926,23,10,3
607,607,,3,,178,34,1,29,,1831,,,
608,608,5,,,,31,,,311,1912,,,1
609,609,,1,3,158,25,3,,631,1872,23,,
610,610,4,1,1,76,,1,30,639,1847,,,3
611,611,,,1,194,41,,,381,,35,6,
612,612,1,2,,111,,3,39,276,1864,45,,
613,613,,,,,,,40,,,13,,
614,614,1,,2,169,10,1,13,,,50,32,2
615,615,3,3,1,,,,24,852,2008,,,10
616,616,,3,3,159,11,1,19,820,1906,,30,5
617,617,4,,,97,,,24,934,1964,,24,5
618,618,5,2,3,161,22,1,18,406,1849,11,23,1
619,619,,,1,80,,2,,,,,,
620,620,2,2,3,186,32,,34,340,1805,14,,4
621,621,3,,,,36,2,23,,1838,,41,4
622,622,3,1,,64,34,1,41,,,,14,10
623,623,4,1,,61,,,,,,30,25,
624,624,4,2,3,,5,3,35,218,1812,48,2,8
625,625,,,3,,,,,127,,,,
626,626,,,2,,3,2,,,,,,
627,627,,1,,,2,1,,420,1867,47,,
628,628,1,2,,,,2,47,597,1822,38,4,2
629,629,,,,72,22,1,32,207,,,15,6
630,630,,,,125,0,2,23,,1801,,,5
631,631,3,3,,157,,1,43,510,,,,1
632,632,3,3,2,,,,,,,23,10,
633,633,,3,,,8,,,632,,,50,
634,634,,,,196,,2,28,,,,20,10
635,635,4,3,2,113,45,1,,218,1842,22,39,10
636,636,,,,,,,,922,,,,
637,637,,1,2,,,,,536,,,36,
638,638,,,,,,,,,,,30,10
639,639,1,1,2,111,46,2,22,644,1908,34,,8
640,640,5,2,2,152,26,2,34,428,,33,1,5
641,641,2,1,1,76,20,1,37,183,1860,,20,10
642,642,4,1,,59,25,3,29,851,,,8,
643,643,,,,200,,,,314,1908,,,7
644,644,,,,67,,,,,,,,
645,645,2,3,,,30,3,,,1852,,43,4
646,646,,,,,25,,17,906,,,,
647,647,4,3,,61,22,2,14,37,1955,46,26,
648,648,1,2,,132,,1,,,1945,15,31,
649,649,,,1,153,42,,3,493,,,,
650,650,,2,1,56,,3,,483,,37,42,9
651,651,2,1,1,155,41,1,43,815,2014,41,50,4
652,652,5,,1,,17,,,,1840,,,
653,653,1,,2,136,9,2,1,31,1893,,,10
654,654,,2,1,145,42,2,29,639,1980,34,40,4
655,655,,,,122,,,,804,1921,,35,
656,656,3,3,2,69,39,2,,188,1979,49,36,1
657,657,2,,1,56,,,,881,,,,
658,658,,1,,111,41,3,38,,,41,,
659,659,1,1,,,,,,,,,,
660,660,,,,,,3,,,,,,
661,661,,2,2,,34,,17,951,,29,29,4
662,662,4,,,,,,,,,,0,
663,663,4,3,1,66,,1,38,858,2002,38,44,7
664,664,1,,,104,2,,42,,,,,
665,665,1,,3,60,20,2,14,195,1892,50,39,3
666,666,,3,3,151,31,3,37,801,1805,12,23,1
667,667,,,1,,7,,,,,19,,
668,668,1,2,2,108,22,2,19,92,1879,,15,3
669,669,2,1,2,190,9,1,44,459,,,7,10
670,670,,,1,155,,,,,,,,6
671,671,2,3,1,82,32,,15,820,1827,,,10
672,672,2,,,,,,24,,,34,11,2
673,673,4,,,,,,39,640,,39,6,
674,674,3,,,,,,,,,19,,
675,675,,1,2,111,18,,30,,1884,,6,
676,676,3,2,2,,,3,35,700,1866,,42,10
677,677,,3,,,,,22,,,49,,
678,678,,1,1,108,29,3,2,945,1910,34,12,8
679,679,5,3,2,,36,1,38,201,1993,39,,
680,680,,2,3,191,39,1,24,957,1894,36,17,9
681,681,2,,1,128,1,3,28,,1894,21,20,
682,682,4,1,2,108,25,2,22,720,1827,42,49,
683,683,,3,1,,,,,,1873,,,
684,684,1,,1,104,45,2,5,,1814,22,21,3
685,685,5,3,3,,50,1,14,817,1954,35,39,7
686,686,2,2,2,128,2,3,13,236,1903,19,18,8
687,687,,,,,,,,,,,48,
688,688,3,,,,,,,700,,,,
689,689,1,3,,142,11,1,6,,,,,5
690,690,,,,164,,,,193,,35,,
691,691,3,,2,84,32,,20,,1849,10,35,2
692,692,2,,,52,2,1,,530,,,28,
693,693,,,3,68,47,1,24,981,,,41,9
694,694,,3,,143,38,1,11,964,,,,3
695,695,,,2,,,,,,,,,
696,696,5,3,,74,,1,37,178,1915,36,6,10
697,697,,2,,,33,2,,,1910,40,13,
698,698,2,3,,121,,2,35,938,1882,26,6,2
699,699,,,,,,,,,1903,,25,
700,700,,,,,,,,230,,41,,
701,701,1,3,2,154,8,3,44,846,1866,11,23,7
702,702,2,3,3,134,,2,,680,,31,,9
703,703,,,3,120,,1,,,,17,32,7
704,704,2,1,3,156,3,2,33,17,1963,43,31,2
705,705,,,,175,,1,17,,,,,
706,706,2,3,,163,,3,36,658,,25,34,
707,707,,3,,,,,,723,1943,,,
708,708,,3,3,,,,8,602,,35,,
709,709,3,3,1,89,3,2,22,385,1987,46,11,4
710,710,,,,,38,,,170,1903,,,
711,711,2,3,3,193,41,2,32,106,1953,23,7,10
712,712,1,1,2,128,1,3,39,385,,,43,7
713,713,3,2,2,182,20,2,27,627,1857,14,22,5
714,714,,1,,,,,2,,,,44,
715,715,,,,,,1,,,,,,
716,716,1,1,1,183,20,3,40,829,1863,41,21,4
717,717,5,3,1,74,33,1,37,178,1915,36,6,10
718,718,,3,,123,,,22,863,1947,24,,7
719,719,5,,2,197,12,3,,644,1962,,,4
720,720,,,,,,,26,,,,23,
721,721,4,,,77,,,,,,,,
722,722,5,,2,182,10,,27,100,2022,43,49,7
723,723,,,,,,,45,,,,,
724,724,,,,154,5,,,,,,,
725,725,,1,2,,32,3,,974,,,,4
726,726,1,3,2,85,3,3,18,897,1835,36,17,7
727,727,,,,,38,,,,,,,
728,728,1,1,1,112,47,3,39,234,1836,37,0,4
729,729,4,3,3,113,,,,897,1942,31,7,
730,730,4,1,,,36,,28,,,19,5,5
731,731,3,2,1,56,48,3,4,483,1964,37,42,9
732,732,,1,1,200,,,3,,1999,21,45,
733,733,1,1,3,185,29,2,12,510,1896,49,33,10
734,734,,,3,151,37,1,14,,1869,48,2,9
735,735,,1,,,,3,,631,,,15,10
736,736,,3,1,,41,3,2,,,,,
737,737,1,2,1,177,35,,33,,,,,
738,738,,,,99,,,,,1947,,,
739,739,4,1,3,152,44,,10,92,1856,28,32,
740,740,1,1,2,198,35,2,45,737,1893,38,2,2
741,741,3,,3,102,26,3,25,,1985,27,29,8
742,742,1,,,102,,,,,,,26,9
743,743,,,,,43,3,15,190,,43,28,
744,744,5,,,,,,20,,,10,31,
745,745,,1,1,,,,,,,,,
746,746,3,2,1,70,46,2,33,416,1915,39,,7
747,747,1,3,,,19,,,582,,,,
748,748,,3,,,1,,,651,,,,
749,749,,,,,,1,,,1939,25,50,
750,750,4,,1,165,8,2,3,456,1909,47,13,
751,751,5,2,,187,,,,689,1840,44,,
752,752,2,2,,138,,2,,,1871,37,46,7
753,753,3,3,,77,35,,37,,1923,45,,3
754,754,,,,,,1,26,,,,,
755,755,5,,1,168,17,2,29,193,1840,13,16,4
756,756,1,2,3,194,12,2,39,462,1945,24,17,5
757,757,,,,,,,,,,,34,
758,758,5,2,,122,,,,,1880,28,,
759,759,,,2,,36,1,38,201,1993,39,,1
760,760,,,,94,,,,612,,37,,3
761,761,2,1,3,84,46,2,24,827,1847,,16,2
762,762,,,,,,,,,1956,,,3
763,763,4,2,1,180,,3,16,511,2022,26,10,3
764,764,5,3,1,157,21,1,10,162,1969,48,25,6
765,765,2,,,,17,,12,,,,,
766,766,1,,2,123,,,22,863,1947,,24,
767,767,2,1,1,124,,2,,,,,,
768,768,1,,3,189,47,,,307,,21,41,7
769,769,2,1,2,111,41,,38,109,1878,41,,9
770,770,,,,,,,,,,34,,
771,771,4,2,,,,,19,165,,,,
772,772,5,3,2,103,,1,48,631,1810,28,47,3
773,773,3,3,1,,48,3,2,699,1812,,50,3
774,774,1,,1,72,,3,,,,16,15,
775,775,5,,,,,,,,1925,49,,
776,776,,,1,70,,,13,,,30,,
777,777,4,,,,,1,,574,1812,,,
778,778,,3,1,185,9,3,37,,1837,48,0,
779,779,,,,,,,,,1813,,,
780,780,4,,,,31,2,24,884,,22,15,
781,781,3,,,132,,2,,547,1800,,,
782,782,5,,1,,,,,,,,,
783,783,,,,52,,,16,497,,,29,
784,784,1,1,1,165,39,2,17,707,1888,45,48,4
785,785,,,,190,,3,,585,,23,13,
786,786,1,3,3,138,44,,15,,,15,,8
787,787,4,,,68,,,,,,18,,
788,788,2,1,2,111,49,1,26,,1845,25,18,9
789,789,2,,3,,49,,21,,2012,43,,
790,790,3,2,2,72,31,1,6,926,1981,47,12,5
791,791,5,3,2,117,,,,794,,,,
792,792,2,,,61,49,,,,,,,
793,793,,3,3,,10,,,256,,,44,1
794,794,,,,,14,2,0,,,,12,3
795,795,4,3,3,119,,2,19,794,1960,18,1,9
796,796,,,,95,,1,25,,,,6,
797,797,,3,,,,,24,,,26,,
798,798,3,1,2,,20,,19,649,1901,23,4,
799,799,,,,,36,,,818,,,,
800,800,,,,,,,,,,,24,
801,801,5,1,1,52,29,2,19,977,1927,24,29,8
802,802,,2,1,99,,1,47,,1913,,,5
803,803,,,,,,,,,1928,,,
804,804,,2,,103,,,,,,,,6
805,805,,,,,,,,,,,12,
806,806,4,,3,,39,,31,,1820,,,
807,807,5,2,1,160,42,2,32,582,1836,,45,6
808,808,,3,3,131,1,2,,122,1970,47,39,4
809,809,5,,,,,,,,,,39,
810,810,,,,,38,,,425,2013,16,,4
811,811,,3,1,,43,1,24,,,,2,
812,812,,,,,4,1,,,,23,,
813,813,4,,,194,,1,,,,35,,5
814,814,3,,1,194,,,4,,,,,
815,815,4,2,1,65,32,2,0,234,1919,25,48,5
816,816,5,,,160,45,2,,,,,30,
817,817,,,,,,1,3,628,1800,27,29,
818,818,4,1,3,94,15,2,27,82,1840,12,11,8
819,819,1,1,1,58,,3,10,254,1857,25,,1
820,820,2,,1,100,44,1,16,567,1921,10,,
821,821,,,1,144,,,,919,,,25,
822,822,3,,,,,,,,1934,,28,
823,823,4,2,,137,36,1,12,912,1987,18,9,5
824,824,4,1,,,,,10,92,1856,,32,5
825,825,1,,,,,,,,,,,
826,826,4,2,,,29,2,,303,1928,,,1
827,827,,,1,144,31,3,17,,,47,,1
828,828,4,,,,,,21,,1805,41,,
829,829,,,,,,,,906,,,,
830,830,2,3,3,163,,3,36,658,1904,,34,4
831,831,3,1,1,75,7,3,7,310,1990,42,43,10
832,832,4,,,66,31,1,38,858,2002,,,
833,833,,,,,43,,,,1965,,,
834,834,,,,,46,,,,,,,
835,835,1,1,2,110,28,2,,,1818,35,10,6
836,836,4,1,2,194,29,2,13,,1903,12,25,4
837,837,,,,,,,,,,,,1
838,838,2,2,3,,47,2,,515,,41,,10
839,839,,,,,,,,,2015,,,
840,840,3,1,,181,39,3,32,201,1937,,27,
841,841,,3,,134,,,,,,,,
842,842,,1,,112,47,3,39,234,,,,
843,843,5,,,,,,,,,,,
844,844,4,,,,,,12,236,2006,,7,1
845,845,,1,,,,,,,,,,
846,846,4,3,3,144,22,2,21,521,1903,21,49,5
847,847,5,,3,75,,,,,1894,,2,
848,848,,,,,,,5,,,34,,6
849,849,1,2,2,,,2,37,606,1832,21,,
850,850,,,,,17,,,,,,,
851,851,3,,1,77,35,,37,45,1923,45,46,3
852,852,3,,3,110,,2,,,,,,
853,853,1,,,161,,,,604,1973,25,,3
854,854,,,,,39,,32,583,,21,0,
855,855,2,,1,,,1,16,567,,10,,10
856,856,,1,1,155,20,,6,385,1845,,46,4
857,857,3,,2,82,37,2,26,,1832,10,46,
858,858,,1,1,86,,,,,1924,19,30,6
859,859,4,1,,,35,3,18,,1919,19,,1
860,860,5,2,,130,35,3,,,1980,,,2
861,861,5,2,,158,35,,19,954,,,,
862,862,5,,,163,49,2,47,140,,45,24,
863,863,,3,1,,22,3,,809,1996,10,10,
864,864,5,3,2,158,10,3,,,1943,42,,7
865,865,,3,2,163,49,2,47,,1898,,,
866,866,,,,,18,,,,2020,35,,
867,867,,1,2,,,,32,,,,,9
868,868,1,1,1,69,,,47,753,1819,38,35,3
869,869,2,2,3,,,3,,,,,31,
870,870,,1,,56,44,,2,,,,,
871,871,1,,,,,,,195,,,,
872,872,,2,,157,13,3,4,,,,31,7
873,873,,,1,99,39,1,47,556,,21,,5
874,874,1,,3,,30,1,22,665,1823,,,4
875,875,5,,,160,,,,,1860,16,,
876,876,,,,,,,31,,,,,
877,877,,,,,,2,,,,,,
878,878,2,2,3,,,1,8,748,1932,25,,3
879,879,4,,1,,,,,193,,35,,
880,880,,,,,24,3,,,,,,
881,881,,,,134,,,,,,31,,
882,882,,3,,,,,,,,,,
883,883,,,2,,,,,,,,,9
884,884,4,,1,,,3,25,923,,,25,4
885,885,5,2,1,168,17,2,29,,1840,13,16,4
886,886,4,2,3,137,36,,12,912,1987,18,9,5
887,887,,1,1,189,49,,,767,1977,47,4,
888,888,1,,2,59,29,2,,,1805,39,,
889,889,2,3,3,93,44,,,650,,17,,2
890,890,2,3,3,90,9,,28,409,1961,45,6,
891,891,,,,,,,,871,,,,
892,892,2,,3,,36,2,,26,1933,35,,
893,893,,,,,14,,,331,,,15,
894,894,,,,,,1,,,,,,
895,895,3,2,1,,,,44,,1980,33,,
896,896,4,2,3,137,36,1,12,,1987,18,9,5
897,897,4,,,,49,,,,,14,23,8
898,898,,3,1,195,22,,49,155,1804,50,,2
899,899,3,2,2,96,29,,,772,1883,37,27,1
900,900,4,2,,,38,2,35,932,2003,48,,
901,901,,,,,,2,,,,,,
902,902,,,3,,,,,257,1875,,4,
903,903,3,3,2,139,46,2,26,342,2010,28,49,
904,904,1,3,1,72,49,3,,123,1809,16,15,9
905,905,,1,2,163,4,1,48,46,1877,11,,
906,906,2,,,64,,1,,,,,26,1
907,907,4,,1,136,,2,22,501,1914,37,49,7
908,908,5,1,2,96,42,2,19,934,1901,,,
909,909,,,,187,9,,20,,1819,,,6
910,910,,,,,,1,8,,,,,
911,911,4,3,3,134,30,,41,22,1859,,29,1
912,912,2,2,3,128,4,1,28,307,2017,45,46,1
913,913,,,3,,,,,,,,,
914,914,4,,1,54,7,3,36,,1943,35,35,3
915,915,,,,,,,24,,,,,3
916,916,,,,119,50,,,92,1875,27,,4
917,917,1,,,168,,3,34,,,18,,
918,918,2,2,3,179,1,3,2,,,27,44,
919,919,,,3,90,7,,,,,,,
920,920,5,,,,,,38,,,,,
921,921,,1,2,99,50,,47,27,,10,,5
922,922,1,,2,103,,3,,,1944,50,19,
923,923,3,1,1,,30,1,5,467,1905,10,42,6
924,924,3,,2,193,2,1,,945,1852,37,43,4
925,925,3,3,,,6,3,43,406,,,,9
926,926,,2,3,164,28,2,6,675,1957,13,27,1
927,927,1,1,,194,12,2,28,727,1976,10,29,1
928,928,2,,3,,34,,,441,1912,,37,
929,929,,3,,,14,1,,,1915,,,
930,930,,,,132,,,,,,15,,
931,931,,,,,,,,,,38,,
932,932,,2,,94,,,13,438,,,16,4
933,933,,,,,,,,,,45,,8
934,934,5,,,,,,39,526,1998,32,50,8
935,935,,,,167,,,,,,,,
936,936,4,2,,99,39,,47,556,,,4,5
937,937,5,3,3,80,21,2,32,748,1815,31,16,3
938,938,3,1,3,151,15,1,31,,1879,30,0,2
939,939,,,1,,,1,8,,1942,18,,10
940,940,2,2,3,145,29,2,41,730,1902,24,8,2
941,941,4,1,3,,45,,29,958,1882,47,26,10
942,942,4,1,2,120,38,3,19,521,,38,19,5
943,943,,,,,,,,,,18,,
944,944,,,,,,,,,1894,,,
945,945,,1,,126,,3,39,159,,,,10
946,946,3,1,1,,30,,,467,1905,10,,6
947,947,,,1,,15,2,2,510,1909,19,49,
948,948,1,,2,,45,2,32,381,,45,,
949,949,5,1,,192,10,,34,211,,,,
950,950,3,2,1,147,15,3,35,,1823,13,,1
951,951,,,3,,,,11,294,1993,,,
952,952,2,,2,,,,14,715,1849,,4,
953,953,5,,,,,,,,1809,45,22,7
954,954,,,1,165,1,2,43,,,,27,6
955,955,,,,,,2,,,,47,,
956,956,1,,2,126,,1,36,316,,,34,3
957,957,4,2,3,87,39,3,,123,1904,,37,9
958,958,4,2,3,137,36,1,12,912,1987,18,9,5
959,959,,2,2,,,,34,,,,,5
960,960,,1,,,,1,,,,38,2,
961,961,,,,,,,,193,,,,
962,962,2,1,3,135,1,2,4,48,1933,40,32,9
963,963,,,3,150,17,,22,,1954,23,7,2
964,964,,,2,,50,1,23,401,1903,25,33,
965,965,,,,,9,1,47,734,,,,
966,966,5,3,,157,21,1,,162,,48,25,6
967,967,2,3,3,,37,3,10,304,1826,33,22,8
968,968,5,,3,183,50,2,39,526,1998,32,50,8
969,969,2,,2,79,,,25,128,1958,17,47,4
970,970,,,,,,,,830,1920,18,,
971,971,,,,,,,,,1951,,,
972,972,,,,58,,,,,,41,,2
973,973,1,,,,,,,873,,23,39,
974,974,5,1,,,30,,11,463,1915,,38,
975,975,2,2,3,186,32,2,34,340,1805,14,21,4
976,976,,3,,,11,,,820,1906,,30,5
977,977,1,3,1,68,13,2,27,109,1836,35,30,5
978,978,2,1,3,102,,2,5,,,,48,3
979,979,,,,121,,,,10,,23,,
980,980,,3,3,131,32,,4,,1915,11,19,4
981,981,,,,,,,,,,15,,
982,982,1,3,,,20,1,,15,,,,3
983,983,2,,3,,11,,18,455,1973,36,38,
984,984,5,,1,98,42,2,5,946,1841,13,38,9
985,985,5,2,1,191,,2,26,897,1966,23,,6
986,986,5,,,102,,1,21,,1893,27,21,
987,987,4,,,155,,,,,,,22,
988,988,2,3,1,56,32,,13,,1877,37,36,
989,989,3,,,56,48,,,483,1964,,,9
990,990,,1,,,,,,822,,38,38,
991,991,4,,3,137,15,1,,499,1807,22,40,
992,992,,3,,,29,,,204,1830,30,19,
993,993,,,,102,22,,46,212,,47,12,6
994,994,2,3,1,,5,2,47,408,1941,10,38,
995,995,,,1,70,,,,416,1915,39,22,7
996,996,,1,2,180,27,,37,,1961,,25,
997,997,,,,,,,,,1935,,7,
998,998,,,,166,17,2,,,,35,,
999,999,1,3,3,119,43,3,39,322,1956,,44,9
1000,1000,,,,,26,,,,,,,
1001,1001,,,,84,,1,44,,1884,,,
1002,1002,,2,1,164,21,1,,,1856,,11,10
1003,1003,2,1,,159,,2,,217,1824,25,39,2
1004,1004,1,,1,,20,,32,357,1825,,9,7
1005,1005,3,,1,160,18,3,17,866,2004,31,,10
1006,1006,5,,,,,3,37,,,,,2
1007,1007,2,3,1,56,32,,,881,1877,37,36,7
1008,1008,,,,,18,1,,,,42,,9
1009,1009,1,1,1,183,20,3,40,829,,41,21,4
1010,1010,,,3,,,,,972,,16,,4
1011,1011,,1,,,,,,,,,,1
1012,1012,2,,3,118,47,,50,,2007,,27,9
1013,1013,2,2,3,,32,3,44,242,1813,21,,9
1014,1014,,,,93,,,,,,14,,
1015,1015,2,1,2,51,10,3,12,616,1998,25,24,7
1016,1016,2,1,3,68,2,3,11,,1818,47,6,
1017,1017,,,,,14,3,,,,,,
1018,1018,4,1,,111,18,3,30,,,,6,
1019,1019,,,2,,,,,882,1977,,,1
1020,1020,3,1,3,102,33,1,43,600,1947,47,29,9
1021,1021,,3,,,,,,,,,,
1022,1022,3,3,,170,41,,47,864,,27,17,
1023,1023,3,,1,,23,3,,847,1883,29,,
1024,1024,,,3,93,31,,,,,,34,2
1025,1025,,,,,1,,,,,,39,
1026,1026,3,2,1,,48,3,,483,,20,,5
1027,1027,,,,,,2,,527,1983,,,3
1028,1028,4,1,3,56,27,,35,,,,14,6
1029,1029,,3,3,,,,,,,17,32,
1030,1030,3,2,,163,,,,415,,,14,
1031,1031,,1,1,,40,,,,1817,25,44,
1032,1032,,,,90,,,7,54,1947,,,8
1033,1033,,,1,90,,,,,,,,2
1034,1034,,3,2,,48,2,,135,1874,25,,8
1035,1035,,3,,,,,,137,,,44,
1036,1036,2,3,2,89,,3,50,693,,24,32,
1037,1037,,,,191,,3,,316,1932,21,15,10
1038,1038,1,3,,,6,3,41,645,1806,,19,8
1039,1039,,,,,,,,,,,34,
1040,1040,,,,,,2,,,,,,
1041,1041,,,,,,,,899,,,,7
1042,1042,,,,178,,,,,,,7,
1043,1043,,,,,,1,,411,,,,
1044,1044,2,,1,176,10,,,547,1924,40,48,4
1045,1045,,,,67,,1,,,1914,19,,4
1046,1046,4,1,,,45,3,27,,,35,27,7
1047,1047,,,,102,,,,,1912,,,3
1048,1048,,,2,,21,,,663,,,,10
1049,1049,5,,,183,,2,39,526,1998,32,50,8
1050,1050,,,,,,2,,,,,,
1051,1051,,,,,,3,12,,1999,33,6,
1052,1052,3,,3,189,48,1,,,1923,27,42,7
1053,1053,4,3,,97,,2,26,841,,34,26,6
1054,1054,1,,2,,3,,,,1835,36,,7
1055,1055,5,2,3,,41,1,13,156,1911,44,17,4
1056,1056,,1,,,,3,46,,1817,48,,8
1057,1057,3,,,,,,,935,,34,,3
1058,1058,,,,,,,,170,,,,
1059,1059,,2,,75,34,,50,,1982,,,
1060,1060,2,3,1,70,47,2,8,920,1948,43,25,10
1061,1061,1,,,,,,,,1822,,,
1062,1062,,3,,,,,12,882,2021,46,7,
1063,1063,4,3,,126,,1,16,,,14,23,8
1064,1064,1,,2,177,29,2,48,330,1999,31,14,2
1065,1065,4,3,1,86,39,2,7,718,1974,43,18,
1066,1066,,1,1,,47,3,41,884,1853,30,8,5
1067,1067,,,,,15,,,,,14,,
1068,1068,1,,,,,,,210,,50,19,
1069,1069,5,,,,,,,,,,,
1070,1070,1,1,2,128,27,3,22,200,,23,,
1071,1071,,2,,122,29,1,17,11,2022,,30,9
1072,1072,,,1,,28,1,20,,,,,
1073,1073,,,,194,,3,,149,,,,
1074,1074,,,1,,30,,25,923,1869,17,25,
1075,1075,,1,,,,,,,,,,2
1076,1076,2,1,2,190,,,,24,1817,34,12,2
1077,1077,,,2,108,,3,,903,1849,,4,7
1078,1078,,2,,,,,,581,,,14,
1079,1079,4,,,97,,,,934,,,,5
1080,1080,,,,,,1,,,,,,
1081,1081,5,3,1,185,9,3,37,572,1837,48,0,
1082,1082,4,3,1,155,24,1,,870,1807,27,22,10
1083,1083,2,2,3,93,31,1,5,107,1964,28,34,2
1084,1084,,,,,,,,,1856,,,
1085,1085,5,1,2,,5,3,3,882,,38,46,1
1086,1086,,2,,124,6,1,,914,1959,,11,5
1087,1087,,3,,,,,12,882,,46,,
1088,1088,1,1,1,,20,2,32,357,1825,,9,7
1089,1089,2,,,,28,2,,,1958,17,47,
1090,1090,4,,1,,,1,,,1923,22,,
1091,1091,,,,141,,3,,,,,,
1092,1092,,3,,110,24,,,718,1917,45,,
1093,1093,,,,72,,2,1,958,,,37,5
1094,1094,,,,,,,,,1991,15,,
1095,1095,5,2,3,109,,2,,,,40,49,4
1096,1096,4,,,137,,1,,,1807,,,
1097,1097,2,1,2,163,4,1,48,46,1877,11,7,
1098,1098,,1,3,107,25,3,36,167,1983,10,31,10
1099,1099,2,1,3,118,32,1,0,62,1945,26,28,3
1100,1100,2,3,2,113,,2,33,,,49,49,6
1101,1101,3,3,1,96,27,2,,287,,,0,3
1102,1102,2,2,,,37,1,25,122,,49,,
1103,1103,,2,3,142,18,1,,,,,,
1104,1104,5,2,1,,39,2,7,,,29,,
1105,1105,,,,,,,,674,,,,
1106,1106,,2,,,,,,187,,,,
1107,1107,4,1,2,171,22,3,22,734,1967,,14,9
1108,1108,2,,,,,,19,,,,,7
1109,1109,3,2,1,96,,1,34,,,,23,
1110,1110,1,1,3,121,,,42,,1819,22,,3
1111,1111,1,3,,,45,,,,,,37,
1112,1112,,2,,,45,,7,,2003,37,39,1
1113,1113,2,1,3,,,2,,827,,46,16,2
1114,1114,1,,,194,,2,,727,1976,10,,1
1115,1115,3,1,2,188,39,3,39,417,1941,42,,2
1116,1116,,,2,,29,,,,1929,33,,
1117,1117,,,,,16,,,,1933,,,5
1118,1118,1,1,3,161,45,3,6,,,,41,3
1119,1119,,,2,193,2,,39,945,1852,37,43,4
1120,1120,,,,55,4,,3,,,,44,
1121,1121,,,3,,,,34,,,,,
1122,1122,,,,135,36,,,142,2003,44,31,9
1123,1123,5,,,112,33,3,,685,,22,,
1124,1124,3,3,2,121,28,3,30,792,1914,24,47,9
1125,1125,4,1,3,,,,10,524,1850,20,41,2
1126,1126,4,1,,,0,,4,,,,,
1127,1127,,,,,,,,510,,,,
1128,1128,2,3,2,154,43,1,7,,1996,29,15,2
1129,1129,4,2,1,99,39,,47,,,21,4,5
1130,1130,5,,3,159,19,3,26,898,,21,,7
1131,1131,,,,,,,,,,,5,7
1132,1132,,,,179,,3,2,699,1812,,,
1133,1133,1,,2,163,,1,,,,,2,
1134,1134,4,3,1,178,15,1,34,320,,,29,
1135,1135,2,,,,48,,39,,,,35,7
1136,1136,5,1,2,166,13,3,43,543,1975,44,24,
1137,1137,,,2,,,,,,,,,
1138,1138,2,2,3,195,45,3,13,,1856,25,,1
1139,1139,,3,,,,,0,,1899,,,
1140,1140,4,,,164,21,,25,193,1856,,,
1141,1141,1,1,1,94,48,2,,413,2021,19,13,8
1142,1142,1,,1,98,38,2,,,1872,23,49,
1143,1143,5,,2,133,41,2,,456,,14,,7
1144,1144,,,,,,,,,1899,,,
1145,1145,3,3,2,69,,2,,188,1979,49,36,1
1146,1146,2,,3,160,7,3,,773,1824,29,,
1147,1147,1,,1,150,,3,,878,2004,29,,9
1148,1148,5,1,1,130,,3,31,802,1842,,18,
1149,1149,,,,,,2,,708,,,,
1150,1150,5,2,,117,40,2,46,990,1947,,31,
1151,1151,,,1,,,,,,,,,
1152,1152,,3,,,,,,369,,,40,
1153,1153,4,1,,119,50,3,23,59,1817,31,43,
1154,1154,,,,,,,11,546,,,,
1155,1155,,2,,137,,1,,,,32,,
1156,1156,5,2,3,109,22,2,44,911,1848,40,49,4
1157,1157,2,,,195,35,1,,,2012,,,
1158,1158,1,2,2,76,31,2,46,533,1844,,13,9
1159,1159,5,3,,181,,,,,,20,,10
1160,1160,2,,,,,,,,,,,2
1161,1161,5,1,,,,,,,,,,
1162,1162,1,,,,,1,,325,,15,31,7
1163,1163,1,2,2,141,3,,30,211,1872,26,29,3
1164,1164,4,3,2,,,,,930,,,,2
1165,1165,2,3,2,199,,,,835,,,12,
1166,1166,4,,2,,44,2,17,486,,41,30,4
1167,1167,,1,2,,,2,31,,,32,,1
1168,1168,,,,,28,,10,,,,,
1169,1169,2,3,,82,13,2,2,416,1919,40,49,2
1170,1170,,,,191,,,,,,,,
1171,1171,,,,58,,,,,1857,,,
1172,1172,,2,,,,2,,314,1866,,27,1
1173,1173,5,,2,,49,,21,,,45,41,
1174,1174,3,1,1,193,47,3,28,438,1910,40,7,5
1175,1175,4,,,,32,2,25,,1993,44,19,6
1176,1176,2,1,,169,48,,,,1989,,,
1177,1177,2,,3,121,,1,,356,1806,38,34,7
1178,1178,,3,,180,8,,20,,2007,10,31,1
1179,1179,,,2,,,1,,,1947,,,
1180,1180,2,3,2,89,14,3,50,693,1811,24,32,3
1181,1181,,,,,,2,,,,,36,
1182,1182,1,1,2,143,45,2,32,381,1813,45,17,4
1183,1183,5,2,1,148,31,3,49,334,1928,44,33,2
1184,1184,,3,,,13,2,,,,42,,
1185,1185,,,,,,,,,,30,26,3
1186,1186,1,1,2,73,32,1,14,596,1987,27,17,10
1187,1187,,,3,,49,,9,,1863,31,9,
1188,1188,3,2,,,,,,,,,25,
1189,1189,5,,1,192,,,34,,1888,17,,1
1190,1190,,,,,,1,,,,,,
1191,1191,,,,153,,,41,,,,45,
1192,1192,,,,117,40,,46,,,,,7
1193,1193,2,,,,,,,957,,,,
1194,1194,3,,3,87,3,,10,682,1937,42,6,1
1195,1195,,,3,140,32,1,1,744,,50,28,
1196,1196,,2,,,,,38,,1825,,,5
1197,1197,3,1,3,87,3,3,10,682,,,6,1
1198,1198,,,,,15,,2,,,19,,
1199,1199,,,3,,,,,,1856,,,
1200,1200,,3,3,,,,25,776,1991,15,,5
1201,1201,4,2,,,22,,,,1850,,0,
1202,1202,,3,3,65,,,3,616,1943,,42,
1203,1203,,1,3,168,5,3,,558,,29,25,1
1204,1204,,3,,70,,2,,,,,,
1205,1205,5,,,125,,,,,,23,,
1206,1206,,,,,,,,,,30,,2
1207,1207,,,3,,,1,12,,,46,16,
1208,1208,1,,1,162,,1,6,180,,44,19,8
1209,1209,3,1,,165,,3,12,207,1818,10,34,
1210,1210,1,1,1,178,36,2,16,915,1982,26,27,10
1211,1211,,,,,,,,,,39,,
1212,1212,,,3,,,2,6,675,1957,,27,1
1213,1213,,,,,,,34,,,,,5
1214,1214,4,3,3,158,10,1,47,256,1884,34,44,1
1215,1215,1,3,2,,8,3,44,846,1866,11,23,7
1216,1216,4,,3,80,37,3,16,131,1822,19,42,6
1217,1217,3,1,2,102,9,,29,,1916,36,7,
1218,1218,5,3,1,189,4,1,37,983,1853,12,31,8
1219,1219,3,3,,139,34,2,,,1921,,44,5
1220,1220,5,1,1,106,44,1,40,99,1938,,3,9
1221,1221,,2,2,68,18,2,,845,1932,40,11,5
1222,1222,,,,,6,1,46,,1908,45,,6
1223,1223,5,,2,,,,,,,,,5
1224,1224,1,,,,,,,72,,46,,7
1225,1225,1,,,,,1,6,,,27,,1
1226,1226,1,,1,160,24,3,38,943,1901,47,4,3
1227,1227,4,3,1,,2,2,27,804,1994,19,42,1
1228,1228,,2,1,,,,42,963,1904,26,21,2
1229,1229,2,2,1,,15,,2,510,1909,19,49,5
1230,1230,5,,2,,,,7,,1886,40,36,8
1231,1231,,1,1,,,3,,695,,,30,
1232,1232,3,,1,157,42,2,,935,1981,34,45,
1233,1233,,,1,,48,3,,768,1890,,20,
1234,1234,,,,,32,,,,1874,,,
1235,1235,,,,,,1,,,,16,,4
1236,1236,1,2,,119,,3,41,937,2008,35,23,10
1237,1237,,1,,52,17,3,,,,,29,
1238,1238,,,,,13,2,,,,,30,
1239,1239,,,3,,,,,835,1866,,32,5
1240,1240,2,1,1,54,10,2,16,822,1819,38,38,3
1241,1241,,,,106,,,,,,,,
1242,1242,,1,1,95,34,2,38,674,1892,17,,3
1243,1243,,,,,,,45,,,,,
1244,1244,,,,,39,,,368,2015,,35,
1245,1245,1,1,3,,1,2,,,1953,27,,7
1246,1246,4,3,1,156,,1,16,,1966,48,30,8
1247,1247,4,2,2,150,33,2,9,923,1910,40,13,6
1248,1248,5,2,,122,29,1,17,11,,20,30,9
1249,1249,,2,3,,,2,38,437,,,,10
1250,1250,3,,,144,15,1,,,1964,,,
1251,1251,4,2,2,,38,3,19,165,,50,49,3
1252,1252,,,2,,,1,44,,,42,,2
1253,1253,4,,1,,,,,,1869,,,
1254,1254,1,3,2,,20,1,3,,,42,11,
1255,1255,,3,3,,,,,,,,,4
1256,1256,4,3,2,161,17,2,,,,28,15,1
1257,1257,5,1,1,53,,,1,,,21,24,4
1258,1258,,,1,,,,20,,1828,,,
1259,1259,,,,,1,,,,,47,,
1260,1260,5,2,2,182,10,2,,100,2022,43,49,7
1261,1261,,,,,,,,,,,,7
1262,1262,5,2,2,135,16,1,41,123,1908,11,17,1
1263,1263,2,3,3,93,44,2,12,650,1924,17,41,2
1264,1264,,2,1,,,,,711,1992,,,1
1265,1265,2,,,108,,,22,881,1988,,,
1266,1266,4,2,3,94,37,2,37,267,1898,12,23,
1267,1267,1,2,1,,42,2,29,639,1980,34,40,4
1268,1268,,1,,,,1,,,,,,
1269,1269,3,3,,84,,,,133,,10,35,2
1270,1270,3,2,2,184,38,3,26,181,1889,13,5,3
1271,1271,4,,,,,2,0,,,34,,9
1272,1272,3,3,3,,13,1,4,,1843,32,49,8
1273,1273,,,,,,2,,,,,,
1274,1274,4,1,3,177,25,,33,798,1954,14,42,7
1275,1275,,,1,,,2,,717,,,,
1276,1276,,2,2,,,2,,,,26,,
1277,1277,2,1,3,94,11,,26,313,,28,50,9
1278,1278,4,1,,199,,2,,707,,,28,7
1279,1279,3,1,2,82,32,3,,598,1953,48,50,7
1280,1280,,,3,52,,,40,,,,,1
1281,1281,,3,3,,31,2,,,1800,22,15,
1282,1282,,1,1,178,25,3,9,,,33,,6
1283,1283,4,,3,,,,5,577,,,,
1284,1284,4,3,2,108,3,,25,903,1849,10,4,7
1285,1285,1,,,189,,2,41,263,1910,49,,5
1286,1286,1,1,,,,1,,963,,16,,
1287,1287,,1,3,,10,1,,,2005,,,
1288,1288,,,,121,,,,,,,,
1289,1289,,1,,,44,,,889,,,,
1290,1290,,,,64,,,30,,,,,6
1291,1291,4,3,3,68,20,2,32,773,1832,37,33,4
1292,1292,1,,1,98,38,2,17,192,1872,23,49,1
1293,1293,5,3,,159,19,2,33,817,1999,19,18,10
1294,1294,3,2,,169,17,,10,,,23,,
1295,1295,,,,200,,,,,,21,,
1296,1296,,,,,30,,,,,,,
1297,1297,4,3,1,56,39,3,6,,1814,31,46,2
1298,1298,2,3,3,103,32,1,7,,1874,29,37,4
1299,1299,,3,,156,39,1,16,930,1966,,,8
1300,1300,,3,1,181,37,1,,,1950,20,,
1301,1301,,,1,80,22,3,,,,,,
1302,1302,4,,2,108,,3,25,903,1849,10,,7
1303,1303,,,,57,,,,,,26,,
1304,1304,,,,,6,,,,,,,
1305,1305,,1,,,,,,,,22,,3
1306,1306,3,3,1,155,,3,34,428,1979,10,5,5
1307,1307,,,,,,,24,,,,,6
1308,1308,,2,3,71,,3,5,,,38,21,10
1309,1309,,,,130,,,,,,,,
1310,1310,,,1,82,,,,820,1827,,,10
1311,1311,,,2,,,3,,943,,13,46,
1312,1312,1,,,,,,8,11,,,,
1313,1313,3,3,,150,45,,,,1956,10,,3
1314,1314,5,1,3,99,30,,,943,1836,47,,
1315,1315,,2,,,,3,,408,,33,,6
1316,1316,,,,,,,,,,36,28,
1317,1317,,,,,4,1,,,,,0,
1318,1318,,1,1,,42,,,,,,44,3
1319,1319,3,,,89,3,,,385,,46,11,
1320,1320,2,2,1,,,3,37,964,1827,17,36,10
1321,1321,,2,,,,,,358,1906,,,
1322,1322,,,,177,,,,,2013,,,
1323,1323,1,2,,85,,,47,817,,48,,
1324,1324,2,1,2,,49,1,26,70,1845,25,18,9
1325,1325,1,2,,,,1,,,1969,,,
1326,1326,3,,2,139,46,,26,,2010,,,
1327,1327,2,2,1,137,9,1,31,487,1834,24,10,1
1328,1328,,3,,84,,,5,,,,,
1329,1329,,,,,,2,,,,,,
1330,1330,4,,,106,,,,,,,,
1331,1331,,,,66,3,2,17,146,,46,29,1
1332,1332,,,,,,,6,429,1815,32,36,
1333,1333,3,,2,,,1,19,,,23,,
1334,1334,3,,,96,,,,,1939,17,,
1335,1335,2,1,1,97,37,3,,898,1933,45,44,3
1336,1336,5,1,1,154,43,,15,190,,43,28,4
1337,1337,,3,1,156,,,16,,1966,48,30,8
1338,1338,5,,,,30,2,,,,,,10
1339,1339,5,,3,,2,1,12,867,1918,14,,8
1340,1340,,,,,,,,667,,,13,2
1341,1341,3,,1,75,7,3,7,310,1990,42,43,10
1342,1342,,,2,,,,,,,,,
1343,1343,1,,2,162,37,,48,852,1887,,7,8
1344,1344,2,3,1,77,44,3,36,488,1900,34,44,9
1345,1345,5,3,2,163,17,,48,,1976,,23,8
1346,1346,1,,,144,,,,,,,35,
1347,1347,1,,1,186,2,2,44,38,1873,,10,7
1348,1348,3,,3,139,34,3,,,,,,
1349,1349,1,1,3,,27,3,34,271,1896,18,31,
1350,1350,,,2,,,,,,,,,
1351,1351,,,2,,,1,,,,,,
1352,1352,4,3,1,52,30,2,21,758,1839,32,8,7
1353,1353,,2,,145,26,3,37,,,17,36,10
1354,1354,,2,,91,,2,12,640,,,,
1355,1355,,2,,,36,,,,,,9,
1356,1356,5,,,151,,,,130,,,,
1357,1357,,,,,,2,,,,,,
1358,1358,1,3,,,,1,,53,,,12,7
1359,1359,5,3,,89,27,,13,394,1972,15,0,4
1360,1360,,2,3,189,,3,,307,1815,21,,7
1361,1361,5,3,1,,21,1,,162,,,25,6
1362,1362,4,2,,,39,2,45,482,2011,49,3,5
1363,1363,,3,3,,13,1,4,826,1843,32,49,
1364,1364,1,2,,119,,3,41,937,2008,35,23,
1365,1365,3,2,,72,31,1,6,,1981,47,12,
1366,1366,,,1,96,,,,,1939,17,0,
1367,1367,,,,,,,,852,,,,
1368,1368,,3,,,41,,,496,,,5,
1369,1369,,2,,,,,,406,1849,,23,1
1370,1370,1,1,3,139,,3,5,,1935,12,,2
1371,1371,3,1,1,101,30,1,5,467,1905,10,42,6
1372,1372,2,,,95,32,,,242,,21,,9
1373,1373,,,2,,,,,,,21,,
1374,1374,2,,,,,,,,,,21,
1375,1375,,,1,,35,,,,1923,,,
1376,1376,4,1,2,89,,3,,505,1860,14,44,5
1377,1377,5,,2,182,,2,27,100,2022,43,49,7
1378,1378,,,3,,,2,,,1800,22,,
1379,1379,2,,1,79,,3,47,105,1881,22,,
1380,1380,,,3,,,2,,235,,,20,
1381,1381,2,3,2,190,35,2,31,157,1859,39,42,6
1382,1382,,2,1,52,27,2,,202,1850,35,46,
1383,1383,,,,,,,,,,32,,
1384,1384,2,,1,,,,,,,,43,4
1385,1385,2,2,,56,34,,,995,,,26,10
1386,1386,,1,,,5,,46,103,,46,,3
1387,1387,2,2,1,,32,3,0,563,,47,17,3
1388,1388,2,1,2,58,,3,41,96,2020,41,50,
1389,1389,3,,,,46,,,,,18,,
1390,1390,,,,70,21,2,,438,1929,,30,
1391,1391,5,,,,,,7,711,,29,23,1
1392,1392,,3,3,163,10,3,36,658,1904,25,34,4
1393,1393,,,,151,,1,,,,48,,
1394,1394,2,1,2,122,22,2,48,952,1921,39,33,10
1395,1395,,,,71,14,3,,296,,18,5,4
1396,1396,1,1,2,194,38,,12,101,1817,24,40,5
1397,1397,,3,1,189,,,29,,1869,,,2
1398,1398,3,,,86,,2,22,,,19,30,6
1399,1399,,,,,26,,,,1985,,29,
1400,1400,2,,3,120,1,1,,910,1970,17,32,7
1401,1401,,,3,194,12,2,28,,,10,29,
1402,1402,2,,3,,13,1,,385,,,43,
1403,1403,,,3,,,,31,,,,,
1404,1404,,,3,,17,1,,,1817,36,,9
1405,1405,4,,,,,2,,,,,,
1406,1406,3,,1,,47,3,41,884,,30,8,5
1407,1407,,3,,83,8,,,985,,,21,8
1408,1408,,,,,6,1,,,,33,42,
1409,1409,4,3,2,,,3,44,,2000,50,43,4
1410,1410,,,3,,,,,,,,,
1411,1411,,3,,,,,,,,,,
1412,1412,1,,3,,28,3,10,,1848,16,,2
1413,1413,1,1,3,127,44,1,14,931,1948,,29,
1414,1414,,1,1,,14,,,,2019,,,
1415,1415,4,1,2,,,3,36,187,1988,17,24,1
1416,1416,4,,3,68,,,,,,18,,
1417,1417,,,,,,,,,,20,30,
1418,1418,5,2,,,30,2,,,,,,
1419,1419,,,3,,,,,,1993,43,,
1420,1420,,,,,,,,,1986,,16,10
1421,1421,,,2,,,,,80,1896,,50,
1422,1422,,2,3,,,,,,,45,,
1423,1423,2,,3,68,18,3,,585,1988,13,,2
1424,1424,5,1,1,154,43,3,15,190,1828,43,28,4
1425,1425,,,,,,1,,,,,,
1426,1426,1,,2,114,31,,31,963,1919,,,6
1427,1427,3,,2,121,23,2,37,10,1926,23,10,
1428,1428,,1,3,193,18,1,,,1825,21,,
1429,1429,5,2,3,112,,1,,647,,,,10
1430,1430,5,3,1,93,34,3,32,,1855,15,,10
1431,1431,,1,,135,,1,,142,,44,,
1432,1432,5,2,3,,47,3,38,633,1880,,15,4
1433,1433,,,,,,,,,,13,,9
1434,1434,,1,,104,2,,,,,19,39,2
1435,1435,,3,,,,2,,840,,,46,
1436,1436,1,1,3,84,,,,368,,27,35,
1437,1437,,,,,,,,,1850,,41,
1438,1438,4,1,3,173,10,1,49,,,38,,
1439,1439,,,1,55,1,,30,159,,30,,8
1440,1440,,,1,,,,,,,,,
1441,1441,5,,,,,,35,,,15,,10
1442,1442,3,3,,89,3,2,22,385,,46,,4
1443,1443,,,2,,,,,,,,,
1444,1444,,,3,106,,,22,,1823,,36,
1445,1445,,1,2,,,,12,,1927,,,
1446,1446,,2,3,112,15,,35,647,,15,5,
1447,1447,1,3,3,196,36,1,3,628,1800,27,29,4
1448,1448,,,,,,,,384,,,,
1449,1449,5,3,1,144,,3,,311,1912,47,43,
1450,1450,3,3,3,132,46,1,32,879,1830,42,12,7
1451,1451,,,,,,,,,1869,,,
1452,1452,5,3,1,157,21,1,10,162,1969,48,25,
1453,1453,5,,2,,,,,,,,,
1454,1454,3,3,2,129,6,3,43,406,1873,25,25,9
1455,1455,1,2,1,111,39,2,2,314,1866,14,27,1
1456,1456,,3,3,,40,,4,166,1955,37,,9
1457,1457,,,1,193,,,15,969,2009,13,4,
1458,1458,4,,1,73,17,1,14,149,1871,45,19,3
1459,1459,5,2,,,,3,17,,1899,,6,8
1460,1460,,,,,,,,159,1913,,,
1461,1461,,,,,46,,,,,,,
1462,1462,1,,3,139,15,3,5,611,1935,12,50,
1463,1463,,,,82,,,,,,,,
1464,1464,2,,1,67,,,,904,1873,,,
1465,1465,5,,3,,,2,23,105,,,48,1
1466,1466,2,1,3,,17,1,49,88,1817,36,2,
1467,1467,,2,,59,29,2,,,1805,,1,
1468,1468,3,,3,138,2,,14,723,2009,,,
1469,1469,4,,,,,,,,,,,
1470,1470,,,1,,2,,,417,,50,3,
1471,1471,,2,2,94,25,,13,438,1827,14,16,4
1472,1472,5,,,,,,,,,14,,
1473,1473,4,2,2,150,33,2,9,923,1910,40,13,6
1474,1474,,,3,,2,,,,,,,
1475,1475,3,,,199,43,1,24,,2008,,2,10
1476,1476,5,2,1,163,22,2,,,1870,19,16,2
1477,1477,,3,,,20,1,44,291,,42,8,
1478,1478,,1,3,102,,1,43,600,1947,47,29,9
1479,1479,5,,,,,2,,676,,47,20,2
1480,1480,,3,,118,,3,,,,33,,
1481,1481,2,2,2,158,6,3,29,956,1840,28,0,3
1482,1482,2,,,,16,,24,193,1832,37,,3
1483,1483,5,,2,123,27,2,,51,1941,36,,
1484,1484,,,,,,,,680,,,9,
1485,1485,,,,,,3,,,,,,
1486,1486,,1,,,,,,,,,,
1487,1487,2,3,3,,34,1,8,,1912,27,37,10
1488,1488,5,3,,,12,3,10,,,,46,4
1489,1489,,2,,50,,2,47,597,1822,,,2
1490,1490,2,3,3,,31,3,37,,,,,
1491,1491,,3,1,,,2,,,1818,27,,5
1492,1492,,,,,,3,,,1822,,,6
1493,1493,,,3,,,,,,,,,
1494,1494,,3,,,21,,,,,44,9,5
1495,1495,4,,,67,,,,,,,,
1496,1496,5,1,2,110,23,2,,620,,39,,
1497,1497,,1,1,,,,6,,,,2,3
1498,1498,3,2,1,,,3,,,1900,,,
1499,1499,,,,,,3,,,,,,
1500,1500,2,1,2,83,46,1,32,28,1993,,,9
1501,1501,4,2,1,180,5,,,511,2022,26,10,3
1502,1502,,,1,,6,,,,,,,
1503,1503,1,3,,,20,,,,,,,
1504,1504,1,1,3,,25,,29,631,1872,23,,
1505,1505,2,3,,77,44,,36,,1900,,44,
1506,1506,,,,,,,34,951,1939,29,,2
1507,1507,5,3,3,168,,1,14,817,,35,,7
1508,1508,2,1,2,143,50,3,0,308,1830,48,11,5
1509,1509,4,1,3,,,3,17,261,1964,17,17,
1510,1510,,1,,106,44,1,,,1938,,,9
1511,1511,,,,,,,,,,19,42,1
1512,1512,,,,,,,,,,,,2
1513,1513,,1,1,,,,,427,,,,
1514,1514,3,2,3,126,42,1,22,134,1868,11,0,7
1515,1515,,,,,,,,,1844,,,10
1516,1516,4,1,2,184,,3,34,795,1860,34,,2
1517,1517,1,1,2,89,0,3,31,149,1883,40,44,8
1518,1518,3,,,,,2,,294,1993,,,
1519,1519,,,,,11,,30,,1838,25,47,6
1520,1520,,3,1,116,37,1,8,455,1905,44,1,1
1521,1521,4,1,,179,,1,,889,1872,14,7,9
1522,1522,,,,68,,,5,,,14,40,
1523,1523,,2,,68,,1,,,2005,,50,
1524,1524,3,3,3,58,11,,29,502,1895,,45,
1525,1525,,2,2,,47,1,,,1924,,35,
1526,1526,,,,,,,,,,,23,
1527,1527,5,1,3,200,13,,27,314,1908,24,,7
1528,1528,,3,3,,2,3,,723,,,13,5
1529,1529,,1,1,130,2,,,417,1818,50,3,8
1530,1530,3,3,3,,24,,45,,,45,49,6
1531,1531,,,,,,3,,274,,32,,
1532,1532,3,,,132,,3,,410,1991,35,,6
1533,1533,4,,2,119,50,3,,,1817,,43,10
1534,1534,1,1,,,10,,13,308,2002,,,
1535,1535,3,,3,198,42,2,38,437,1997,26,17,10
1536,1536,,1,2,171,22,3,22,,1967,34,14,9
1537,1537,3,2,1,57,1,,19,946,,,4,6
1538,1538,2,1,,,,1,3,667,,15,,
1539,1539,,,,,,1,,,,,10,
1540,1540,,1,2,160,5,1,5,409,,34,24,6
1541,1541,5,,3,117,4,,24,312,,,,1
1542,1542,4,3,3,158,10,1,47,256,1884,,44,1
1543,1543,,,2,,,,,,,,,
1544,1544,,,,,10,3,,,,,,
1545,1545,4,,,,,,18,561,,19,,1
1546,1546,2,2,3,121,10,1,18,356,1806,38,,7
1547,1547,5,1,1,,,,,,,,15,
1548,1548,3,,1,101,30,1,5,467,1905,10,42,6
1549,1549,5,,,,30,1,,463,1915,,38,4
1550,1550,,1,2,65,25,1,18,575,1879,33,29,9
1551,1551,3,2,3,84,12,1,35,762,,22,48,
1552,1552,,1,,53,20,3,1,976,,21,,
1553,1553,5,2,,,,1,,,1959,50,29,8
1554,1554,2,1,1,130,2,2,3,417,,50,3,8
1555,1555,,,,,,,,,,,,7
1556,1556,4,,,,,3,2,,,,35,
1557,1557,,,,,,,,,,,,6
1558,1558,,,,,,,10,304,,,,8
1559,1559,,,,,,3,,976,,,,
1560,1560,,,3,,,,,584,1953,,28,
1561,1561,,1,3,,14,,46,,,19,28,10
1562,1562,5,3,,,,,,,,,,
1563,1563,1,2,2,,6,,31,,1973,24,30,2
1564,1564,,,3,,,2,,246,,12,,6
1565,1565,3,,,,,,18,207,,,21,8
1566,1566,,3,,,,1,,70,,25,,6
1567,1567,,1,,56,,3,23,695,1858,,30,
1568,1568,3,3,,,10,,,,1899,32,46,
1569,1569,3,1,2,88,5,1,22,751,1849,44,2,2
1570,1570,,,,156,41,,,794,,40,,
1571,1571,,1,2,136,9,2,,31,,31,27,10
1572,1572,1,3,,170,19,,25,,1921,,12,5
1573,1573,,,,,19,3,,522,1881,,,
1574,1574,4,,3,119,,,33,,,,,
1575,1575,5,1,1,130,0,3,31,802,,,18,
1576,1576,,1,2,,27,1,,,,34,,1
1577,1577,5,1,3,,,1,,,1836,47,,9
1578,1578,1,,,,,2,,852,1802,15,17,
1579,1579,,,2,100,,,,,,,30,
1580,1580,,2,1,,35,2,,585,1907,27,19,4
1581,1581,2,2,1,137,,1,31,487,1834,24,10,1
1582,1582,,,,,23,3,,,,43,,
1583,1583,,3,,82,,,15,820,,27,,10
1584,1584,4,,3,119,,2,,,,18,1,9
1585,1585,2,1,3,55,4,2,3,18,1828,21,44,6
1586,1586,,2,,,,,,,,,,
1587,1587,3,3,1,77,35,2,37,45,1923,45,46,3
1588,1588,4,2,,,,3,,368,1967,,20,1
1589,1589,2,2,1,197,49,1,21,179,1803,11,2,7
1590,1590,2,1,1,155,41,1,43,815,,41,50,4
1591,1591,4,1,1,,20,,6,385,,10,46,4
1592,1592,,,,182,,,,,,,,
1593,1593,,,3,,,,30,950,,35,23,1
1594,1594,,,,,,,44,,,,,
1595,1595,1,,,96,,1,,,,23,50,7
1596,1596,,,,62,14,,45,,,,,
1597,1597,,,,,,,26,,,,,
1598,1598,,3,,,47,1,,579,,32,27,
1599,1599,1,1,,76,3,2,25,430,1807,32,7,
1600,1600,,1,1,,2,,3,417,1818,50,3,8
1601,1601,1,,,164,,2,,536,,,41,
1602,1602,4,3,,66,31,1,38,858,2002,38,,7
1603,1603,,,,,,,,,1843,,,8
1604,1604,,,,161,,,,,,,,
1605,1605,4,3,2,108,,3,25,903,1849,,4,
1606,1606,,1,,185,,2,,510,1896,49,,
1607,1607,2,3,,154,5,2,37,,,35,27,9
1608,1608,4,1,1,156,19,1,28,461,,27,46,2
1609,1609,,1,2,,,,9,,1836,,31,4
1610,1610,5,1,1,179,43,1,17,,,11,35,
1611,1611,2,2,3,200,30,1,48,496,1899,27,,8
1612,1612,5,3,1,112,33,,1,685,2006,22,27,7
1613,1613,4,3,1,54,7,3,36,779,1943,35,35,3
1614,1614,3,3,3,150,17,2,22,172,1954,23,7,2
1615,1615,,2,,,4,1,,,,,,1
1616,1616,,1,3,61,44,,7,367,1859,30,25,10
1617,1617,,,2,,,2,28,,2006,32,19,9
1618,1618,3,2,3,99,14,1,29,22,1947,11,0,6
1619,1619,,3,,,23,,,,,,41,9
1620,1620,1,2,,,35,2,,,,,19,
1621,1621,5,1,1,,20,3,1,976,1951,21,24,4
1622,1622,,,,,,2,,,,42,,2
1623,1623,,,2,,,,37,,,,,
1624,1624,4,3,2,,,,47,,,,,
1625,1625,,3,,74,,1,,178,,,,
1626,1626,,,1,,35,3,,,1979,,5,
1627,1627,,,,156,39,1,,,1966,48,,8
1628,1628,4,2,1,97,,,,,1964,,,
1629,1629,5,3,,163,17,3,48,788,1976,,,8
1630,1630,3,2,1,157,42,2,25,,1981,34,45,3
1631,1631,,,,,,,,85,1922,,,
1632,1632,,,,,,,29,,,,,
1633,1633,,1,1,,,,22,361,,,,5
1634,1634,,2,2,191,38,2,,253,,,,
1635,1635,,,,,,,,,,,7,6
1636,1636,1,,,,,1,,,,,,
1637,1637,,,2,184,38,,26,,,,5,
1638,1638,2,2,,79,,,25,,1958,17,,4
1639,1639,,2,3,,,1,,406,1849,,,
1640,1640,4,1,3,177,25,,,798,1954,14,,7
1641,1641,2,1,1,164,36,1,8,170,1893,40,37,1
1642,1642,,2,1,64,1,,46,278,1915,42,35,9
1643,1643,2,1,3,156,3,2,33,17,1963,43,31,2
1644,1644,,,,,34,2,,,,,,
1645,1645,2,1,,121,17,1,49,88,1817,,2,
1646,1646,,,,,,,,170,,,16,
1647,1647,,,,188,,,,,,,,
1648,1648,2,2,3,179,1,3,2,747,1870,27,44,6
1649,1649,3,3,1,96,27,2,15,287,1939,17,0,3
1650,1650,3,,,,,,,,1937,,,
1651,1651,,1,,145,31,3,9,627,1961,,,5
1652,1652,,,2,137,,1,3,15,,,,
1653,1653,,,1,120,,2,44,476,1921,22,36,
1654,1654,3,2,,184,38,3,26,181,1889,,5,3
1655,1655,,1,,,,2,,873,1938,15,8,7
1656,1656,,3,3,,17,2,,172,1954,23,,2
1657,1657,3,,,,28,3,30,,,,,
1658,1658,,,,,,,40,,,,,5
1659,1659,1,,,,,,,,,,20,8
1660,1660,,,3,,,1,,,,,,2
1661,1661,5,3,1,185,9,3,37,572,1837,,,
1662,1662,2,2,,153,,3,23,87,1822,31,34,10
1663,1663,1,1,2,,38,,12,,1817,24,40,
1664,1664,5,2,1,,27,,25,,,35,46,6
1665,1665,,2,,,2,,5,,2020,36,8,
1666,1666,,,3,93,,,45,,2017,,,
1667,1667,1,,1,60,3,1,29,142,,28,41,9
1668,1668,4,1,,,,,38,,,,,
1669,1669,,3,,,,,,,,,,
1670,1670,5,,,93,,3,,888,,,17,
1671,1671,4,1,2,120,,,19,521,1836,38,19,5
1672,1672,5,,1,179,,1,,117,,,,
1673,1673,,1,3,,,1,,,1948,42,29,
1674,1674,,,,76,,,14,,,,42,7
1675,1675,4,3,,,,2,47,,,,,5
1676,1676,,3,3,,19,,,,1921,,12,5
1677,1677,4,,,171,48,3,,,1883,,42,
1678,1678,1,,,,22,2,19,,1879,24,15,3
1679,1679,5,2,,,32,1,,133,1853,,,
1680,1680,2,,1,70,,2,8,920,1948,43,25,
1681,1681,1,,3,134,2,1,28,,,47,15,1
1682,1682,,3,1,77,,3,36,488,1900,34,,9
1683,1683,2,,,53,,,,257,,28,,9
1684,1684,,,,,,,,,1947,49,,
1685,1685,,,2,,,,,881,,,,
1686,1686,1,1,2,194,38,2,,101,1817,24,40,5
1687,1687,2,3,2,190,35,2,31,157,1859,39,42,6
1688,1688,4,,3,,22,2,,,,,,
1689,1689,,1,,142,,3,25,923,,17,25,
1690,1690,2,,1,,5,2,47,408,1941,,,6
1691,1691,4,1,3,,44,,2,420,,,44,
1692,1692,1,,,170,,,,,,,,
1693,1693,,2,,128,2,,,236,1903,,,
1694,1694,,2,2,,,,17,,2022,,30,9
1695,1695,1,1,,160,,3,38,943,1901,47,4,
1696,1696,5,,2,163,,3,48,788,1976,,23,
1697,1697,4,,,149,20,,33,939,,16,45,2
1698,1698,,2,1,73,,1,14,,,,,3
1699,1699,,,1,,,3,,356,,,6,
1700,1700,,,,112,48,,,861,,,,
1701,1701,1,1,2,89,0,3,31,149,1883,40,44,8
1702,1702,2,2,,114,,2,,,1972,34,0,1
1703,1703,,,3,,,,41,,,,,
1704,1704,,,,,,,,51,,,,
1705,1705,,,,,,3,,867,1819,,,6
1706,1706,,,,,,,,,1833,,,
1707,1707,2,,,,,,,,,33,42,
1708,1708,5,1,3,,13,1,,,,24,41,
1709,1709,2,,,111,,3,38,109,1878,41,7,
1710,1710,,3,,,40,2,,369,,,40,8
1711,1711,,3,1,104,45,2,5,692,1814,22,21,
1712,1712,,,,,,3,,212,1867,25,,7
1713,1713,,2,3,,,,40,683,,,11,
1714,1714,3,3,1,,22,2,49,155,1804,50,5,2
1715,1715,2,,,,31,1,,,1964,,34,2
1716,1716,4,,,,10,1,,,,16,,9
1717,1717,2,2,3,142,18,1,20,356,1939,37,15,5
1718,1718,,2,,157,,,,,,,,
1719,1719,1,,,,,,,,,20,,7
1720,1720,,1,2,102,,3,29,462,1916,,,
1721,1721,,2,,52,20,,35,187,,19,,
1722,1722,1,1,2,186,37,2,19,708,,11,44,4
1723,1723,2,,1,111,20,1,15,577,2000,35,36,3
1724,1724,,,,,41,,,,1903,14,,
1725,1725,2,,,174,25,2,17,906,1914,24,25,7
1726,1726,,3,,,,,,,,,,2
1727,1727,,,3,,,1,,406,,11,,1
1728,1728,5,1,,183,,,39,,1998,32,,
1729,1729,,1,3,61,,,,,1859,,,
1730,1730,2,1,,51,10,3,12,616,1998,25,24,7
1731,1731,3,,3,,,3,,,1977,28,,10
1732,1732,3,3,2,188,21,3,4,987,1825,19,35,9
1733,1733,,3,2,,23,2,37,10,1926,23,10,3
1734,1734,3,,2,,,1,,531,1880,,,4
1735,1735,3,,1,172,47,,41,884,,,8,5
1736,1736,4,2,1,76,1,2,8,48,1841,49,22,1
1737,1737,,3,2,99,24,,25,302,1851,43,34,10
1738,1738,1,2,,183,12,,,385,1812,,,6
1739,1739,5,3,3,111,48,,,976,1844,18,,10
1740,1740,5,2,,,,2,32,,,,,
1741,1741,2,2,2,146,7,3,15,841,1800,40,38,
1742,1742,4,1,3,152,44,,10,,,,32,
1743,1743,4,2,1,81,29,2,46,,1928,13,50,1
1744,1744,,,,,,,16,822,,,38,
1745,1745,,1,1,,14,,,,1815,,,
1746,1746,2,,,163,4,1,,46,1877,,7,6
1747,1747,,3,1,144,46,3,18,,1886,,35,
1748,1748,4,3,2,84,20,,44,,1884,,8,
1749,1749,5,,2,,27,,,394,1972,15,,4
1750,1750,,,,173,,1,49,,,38,,3
1751,1751,,,,,,,43,,,,,
1752,1752,3,2,1,147,,,35,,,,11,
1753,1753,3,2,2,198,12,3,37,176,1962,37,22,
1754,1754,2,1,,,,3,38,109,,,7,9
1755,1755,,3,2,,,,,10,,23,,3
1756,1756,2,2,2,166,1,3,2,,1847,39,,9
1757,1757,1,1,2,177,,2,48,330,1999,31,14,2
1758,1758,4,2,,132,22,,13,,1850,,0,5
1759,1759,2,,3,,,,,356,,37,15,
1760,1760,3,3,1,,30,,38,994,2005,43,32,3
1761,1761,,,,159,,,,,,19,,
1762,1762,,,3,,3,,,,,,,10
1763,1763,,3,3,,,,50,244,,47,,
1764,1764,1,3,2,85,3,3,18,,1835,36,17,7
1765,1765,3,1,1,132,27,3,37,410,,35,,
1766,1766,2,2,3,,13,3,4,75,1897,17,31,7
1767,1767,,,,,40,,,,,,,
1768,1768,5,1,1,98,42,,,946,,13,,9
1769,1769,,,,,,,,943,1836,,,
1770,1770,,,1,,46,,,,1881,,,3
1771,1771,5,,1,176,20,1,4,241,1973,35,43,1
1772,1772,5,3,3,144,8,3,,263,1913,22,40,9
1773,1773,4,,3,,,,7,367,1859,,,
1774,1774,2,1,3,121,17,1,49,88,1817,36,2,9
1775,1775,2,,3,94,11,1,26,313,1803,28,50,9
1776,1776,4,2,2,54,36,1,13,833,1977,11,,1
1777,1777,5,,,159,19,,,,,,18,
1778,1778,3,2,,,,,,,1932,,,
1779,1779,2,,,103,24,2,3,,1919,39,14,2
1780,1780,,,,102,,,,,,,,
1781,1781,,,,,7,,,,,,44,
1782,1782,,,1,,,,,162,1969,,,6
1783,1783,2,2,,104,4,2,2,,2019,37,,10
1784,1784,,,,54,,,,,,,,
1785,1785,,3,,,10,,29,853,,32,,
1786,1786,4,2,3,105,5,,35,218,1812,48,2,8
1787,1787,3,,2,,20,2,20,857,2008,,36,2
1788,1788,,,,,,2,,,,,,
1789,1789,2,,,60,,3,,943,1901,13,46,7
1790,1790,,,,,,,,811,,26,,
1791,1791,1,,2,110,24,2,,,1917,45,13,
1792,1792,2,2,1,119,50,2,29,92,1875,27,26,4
1793,1793,3,,2,161,7,2,23,,,,40,
1794,1794,,3,1,167,41,1,,411,,10,35,
1795,1795,,3,,80,,,,,,,,
1796,1796,,,,,,,23,,,,,
1797,1797,,,3,,12,,,,,34,,9
1798,1798,,,,,,,44,830,,,21,
1799,1799,,1,1,150,43,1,27,282,1954,48,38,
1800,1800,,,2,,,,,519,1886,,36,8
1801,1801,,3,,,,,,,,,,
1802,1802,,3,,,3,,,903,,,4,
1803,1803,,2,,102,26,,,,,,,
1804,1804,4,1,1,,35,2,21,17,,,,3
1805,1805,,2,3,199,14,2,18,168,1867,19,29,4
1806,1806,,1,,165,,,12,,,10,,10
1807,1807,2,3,2,60,2,,,369,2019,40,13,1
1808,1808,,,,,,,,,1996,,,
1809,1809,,,,158,23,,,993,,,19,
1810,1810,,1,3,,18,3,,309,,19,2,5
1811,1811,5,,,,,,,,,,,3
1812,1812,,,,,,,,,,,,6
1813,1813,,,1,,,,20,,,,,
1814,1814,,,1,87,,1,,,1997,13,50,2
1815,1815,,2,,82,30,,36,,1816,,43,4
1816,1816,,,2,113,37,,33,995,1970,,,6
1817,1817,5,1,,97,28,2,20,,,16,1,
1818,1818,,,,,,,5,872,1837,24,,
1819,1819,5,2,2,187,9,,20,867,1819,40,19,6
1820,1820,4,3,,167,,1,43,411,2022,10,35,4
1821,1821,3,1,,,,,37,,1991,,34,6
1822,1822,,,,,,3,,,,,,
1823,1823,,2,3,94,4,2,,830,1920,18,21,8
1824,1824,,2,1,99,39,1,47,556,1913,21,,5
1825,1825,2,2,3,,34,2,,808,,,46,7
1826,1826,3,,,121,28,,,,,24,,9
1827,1827,5,,1,74,33,,37,178,1915,,6,
1828,1828,3,,1,70,18,2,11,877,1967,17,,7
1829,1829,5,1,,,,,,,,,,
1830,1830,3,1,1,101,30,1,5,467,1905,,42,6
1831,1831,4,3,,,,,,380,1811,14,,8
1832,1832,5,3,1,109,18,1,28,151,1898,42,45,9
1833,1833,4,1,,,,1,,,,17,,2
1834,1834,5,,3,111,48,,,976,,,34,10
1835,1835,,,,,3,1,30,,1899,,18,
1836,1836,4,3,1,155,24,1,4,870,1807,27,22,10
1837,1837,,,2,74,23,2,21,,1881,38,0,
1838,1838,5,3,,,,,11,710,,50,22,8
1839,1839,1,,,,,,,835,,,,
1840,1840,,2,,,1,1,,,1996,,,
1841,1841,4,3,,178,15,1,34,320,,,29,4
1842,1842,5,,2,139,36,,38,201,,39,36,1
1843,1843,,,,,27,,,,,,,
1844,1844,,,,,,,,,,32,,3
1845,1845,,,,,8,,,,,,9,
1846,1846,,,,,,3,,,,,,
1847,1847,,,2,,,,,,,,49,
1848,1848,,,,,,3,33,,,42,,7
1849,1849,2,,,103,,2,3,,1919,39,14,2
1850,1850,5,2,2,130,35,3,28,823,1980,16,13,2
1851,1851,5,2,3,158,,1,19,954,,,43,3
1852,1852,2,2,3,141,41,3,25,408,1883,34,38,10
1853,1853,4,2,1,97,16,1,24,934,1964,31,24,5
1854,1854,5,1,3,99,30,1,18,943,1836,47,7,9
1855,1855,5,2,,184,42,3,29,217,1977,13,22,9
1856,1856,,,3,,,,,579,,32,,
1857,1857,,3,,,10,,,,,,,
1858,1858,5,,,155,,,,,,,,
1859,1859,,1,3,107,,3,36,,1983,10,31,
1860,1860,,1,1,,,,,,2013,,,
1861,1861,1,1,2,,27,3,22,200,1828,23,47,
1862,1862,3,2,1,57,1,2,19,946,1878,34,,6
1863,1863,,2,,87,,2,42,763,,38,,
1864,1864,2,2,1,143,38,3,12,356,1999,33,6,10
1865,1865,1,3,2,121,13,2,23,584,1985,23,3,7
1866,1866,,1,3,146,34,,12,800,2007,27,45,2
1867,1867,3,3,2,150,45,3,3,693,1956,10,13,3
1868,1868,,,,,26,,,,,,,3
1869,1869,3,1,3,,48,1,11,170,,27,42,7
1870,1870,1,2,3,91,27,2,12,640,1995,11,10,8
1871,1871,1,1,1,,9,,32,339,1972,13,0,2
1872,1872,1,,,123,,1,,863,,,,
1873,1873,1,,2,156,3,1,30,624,1899,35,18,8
1874,1874,4,2,,60,13,,,,,,,6
1875,1875,,2,2,174,34,3,,,2004,17,8,10
1876,1876,4,,,,49,,36,564,1871,38,8,
1877,1877,,3,,,,,,,,,,7
1878,1878,3,1,1,132,27,,37,410,,35,34,6
1879,1879,,,,,,1,,,,34,,1
1880,1880,2,3,,,37,2,,969,1892,40,,8
1881,1881,2,,3,160,,3,37,929,2003,50,,1
1882,1882,5,3,2,158,10,3,33,436,1943,42,42,7
1883,1883,2,3,2,89,14,3,50,693,1811,24,32,3
1884,1884,,2,2,198,,,37,176,1962,,22,10
1885,1885,,,2,171,22,,22,,1967,,14,9
1886,1886,5,,3,102,,,21,,,27,,3
1887,1887,,,,175,,,,151,,29,18,3
1888,1888,,,,,,,10,,,,,
1889,1889,,1,1,,,1,37,343,,22,47,5
1890,1890,1,2,1,68,,,39,861,1996,,33,5
1891,1891,,3,2,,1,3,8,,,,5,7
1892,1892,,,,,,,46,,,,,
1893,1893,4,,1,86,39,,,,1974,,18,9
1894,1894,4,3,2,,,2,41,,1913,50,10,10
1895,1895,,,1,,19,2,,,,,,
1896,1896,4,1,2,106,10,2,48,615,1888,10,29,7
1897,1897,,,,,,,,,,24,,
1898,1898,,,,,,,,401,,25,33,7
1899,1899,2,,3,,31,3,37,,,,23,
1900,1900,5,,,,32,3,,,1805,19,23,1
1901,1901,5,3,1,74,33,1,37,178,1915,36,6,
1902,1902,5,1,,,18,3,19,,,,,
1903,1903,,,,,,,5,611,,12,,
1904,1904,3,,3,102,33,1,,600,1947,,29,9
1905,1905,,3,,82,,2,15,820,1827,27,1,10
1906,1906,4,,1,77,48,,16,768,,15,20,
1907,1907,5,2,,160,,,5,906,1860,,,
1908,1908,1,,,,8,,44,,,11,23,
1909,1909,,,1,,,2,,,,,,
1910,1910,,1,3,196,30,,28,235,1833,34,20,10
1911,1911,1,2,1,,,,,,,49,,
1912,1912,,,1,,1,,,,,,,8
1913,1913,1,1,1,55,42,2,33,,2013,,,2
1914,1914,,3,,,,,,,,18,,
1915,1915,,2,,,,,,,1883,,38,
1916,1916,,2,3,125,5,,10,670,1800,33,9,8
1917,1917,5,,2,,,2,,,,,,
1918,1918,4,2,2,70,30,,,,,47,42,
1919,1919,,,1,,,,,,,,,
1920,1920,,,,,,,,616,,25,,
1921,1921,,3,3,,,,,,,,,7
1922,1922,4,3,2,84,20,,,,1884,42,,
1923,1923,,,,,,,,428,,,,
1924,1924,,,,,,1,32,,,20,,
1925,1925,,2,3,102,,3,42,,1994,34,,
1926,1926,4,,,,38,,38,253,,32,26,3
1927,1927,,1,1,153,13,2,27,175,1907,23,,9
1928,1928,4,,3,,30,2,35,518,1901,,47,4
1929,1929,3,,2,,5,,,,,44,,
1930,1930,,,,,,,,,1964,,,10
1931,1931,5,1,1,,,,34,211,1888,17,45,1
1932,1932,3,2,,,,1,,,,,48,
1933,1933,,1,3,,39,,,,,,35,7
1934,1934,,1,,,,,,,1908,,,
1935,1935,,,,,,,35,,,,,
1936,1936,,,,,,,23,,,,,
1937,1937,,,2,,,,,,,,,
1938,1938,,,,,,,,,1919,,,1
1939,1939,5,,3,55,18,,,,,25,12,9
1940,1940,2,1,,153,13,2,27,,1907,,50,9
1941,1941,,,3,,6,,,65,,22,5,5
1942,1942,3,3,2,139,46,2,26,342,2010,,49,7
1943,1943,1,1,3,,14,2,50,320,1979,,,1
1944,1944,,,2,,34,,,,2004,17,8,
1945,1945,,,,69,24,3,47,753,,,,3
1946,1946,,3,,117,46,2,50,,1911,20,24,
1947,1947,2,1,,122,,2,39,,1921,32,35,7
1948,1948,4,1,3,173,10,1,49,75,2005,38,15,3
1949,1949,,1,1,,27,3,23,,,,,
1950,1950,,,,161,7,,,820,,24,,4
1951,1951,,2,2,70,30,3,,29,1972,47,42,
1952,1952,5,1,2,65,,1,18,575,,33,29,9
1953,1953,3,1,,,,,39,945,1852,37,,4
1954,1954,5,3,,,,,,51,,36,50,8
1955,1955,3,1,3,73,18,1,40,871,1949,18,33,3
1956,1956,,2,,,,,,,2022,,,10
1957,1957,5,1,,126,38,3,7,,,34,33,
1958,1958,1,1,,130,,3,44,973,1938,,,
1959,1959,,3,,,18,2,,,,,,
1960,1960,3,,,,,2,,155,1804,50,,
1961,1961,1,2,2,,43,3,,,,,,
1962,1962,,,1,,33,,,178,1915,,,10
1963,1963,,,,,,,,,,,31,
1964,1964,4,,,68,6,,46,668,1908,45,,6
1965,1965,4,2,1,174,14,,0,476,1897,32,30,
1966,1966,,1,,106,,2,48,615,1888,,29,7
1967,1967,,,,,23,,,,,,,
1968,1968,3,1,,91,8,2,13,166,2022,14,36,9
1969,1969,,,,,,,38,,,,,
1970,1970,1,,,145,29,1,,,1875,36,,5
1971,1971,,,2,,,,50,135,,,,
1972,1972,2,1,3,84,46,2,24,827,1847,46,,
1973,1973,4,2,,,,3,35,218,,48,,
1974,1974,1,2,3,118,3,2,30,161,1895,44,31,2
1975,1975,,,3,92,,2,,,,32,,3
1976,1976,5,1,,,,,,,,36,,
1977,1977,1,3,1,150,46,2,14,343,1921,13,27,8
1978,1978,1,1,3,121,28,,42,627,1819,22,46,3
1979,1979,1,1,3,151,,,14,390,,48,,9
1980,1980,1,,3,,40,,47,,1822,38,,2
1981,1981,4,3,1,,39,3,6,58,1814,31,46,2
1982,1982,5,3,,,22,1,,631,,,47,3
1983,1983,1,3,1,169,45,3,37,218,2017,44,37,7
1984,1984,5,3,2,117,48,3,36,753,1804,44,9,10
1985,1985,2,1,2,,50,3,0,308,1830,48,11,5
1986,1986,1,,,76,31,,46,533,1844,49,13,9
1987,1987,,,3,,46,,12,,,41,,
1988,1988,,3,,,31,,,,,,,
1989,1989,2,3,1,111,20,1,15,,,35,,3
1990,1990,4,2,2,150,33,2,9,923,1910,40,13,6
1991,1991,2,2,1,92,3,2,26,488,1846,16,4,2
1992,1992,,2,,,,,,,,,,
1993,1993,,3,1,56,39,3,,58,,31,,2
1994,1994,,2,2,,,,35,,,,2,
1995,1995,4,2,3,190,,2,,482,2011,49,,
1996,1996,,,,,,,,748,,,45,
1997,1997,1,1,2,96,7,2,28,408,2006,32,19,9
1998,1998,5,,,,3,1,21,956,1893,,21,3
1999,1999,3,3,,58,,3,29,502,,22,45,
